CGPA,Aptitude_Score,Projects_Count,Certifications_Count,Python_Skill,Java_Skill,SQL_Skill,DSA_Skill,Web_Development_Skill,Cloud_Skill,ML_Skill,Cybersecurity_Skill,Communication_Skill,Problem_Solving_Skill,Confidence_Level,Placement_Score
0.0,0.0,0,0,0.0,0.0,0.0,0.0,0.0,0.0,0.0,0.0,0.0,0.0,0.0,0.0
0.0,0.0,0,0,0.0,0.0,0.0,0.0,0.0,0.0,0.0,0.0,0.0,0.0,0.0,0.0
0.0,0.0,0,0,0.0,0.0,0.0,0.0,0.0,0.0,0.0,0.0,0.0,0.0,0.0,0.0
0.0,0.0,0,0,0.0,0.0,0.0,0.0,0.0,0.0,0.0,0.0,0.0,0.0,0.0,0.0
0.0,0.0,0,0,0.0,0.0,0.0,0.0,0.0,0.0,0.0,0.0,0.0,0.0,0.0,0.0
0.0,0.0,0,0,0.0,0.0,0.0,0.0,0.0,0.0,0.0,0.0,0.0,0.0,0.0,0.0
0.0,0.0,0,0,0.0,0.0,0.0,0.0,0.0,0.0,0.0,0.0,0.0,0.0,0.0,0.0
0.0,0.0,0,0,0.0,0.0,0.0,0.0,0.0,0.0,0.0,0.0,0.0,0.0,0.0,0.0
0.0,0.0,0,0,0.0,0.0,0.0,0.0,0.0,0.0,0.0,0.0,0.0,0.0,0.0,0.0
0.0,0.0,0,0,0.0,0.0,0.0,0.0,0.0,0.0,0.0,0.0,0.0,0.0,0.0,0.0
0.0,0.0,0,0,0.0,0.0,0.0,0.0,0.0,0.0,0.0,0.0,0.0,0.0,0.0,0.0
0.0,0.0,0,0,0.0,0.0,0.0,0.0,0.0,0.0,0.0,0.0,0.0,0.0,0.0,0.0
0.0,0.0,0,0,0.0,0.0,0.0,0.0,0.0,0.0,0.0,0.0,0.0,0.0,0.0,0.0
0.0,0.0,0,0,0.0,0.0,0.0,0.0,0.0,0.0,0.0,0.0,0.0,0.0,0.0,0.0
0.0,0.0,0,0,0.0,0.0,0.0,0.0,0.0,0.0,0.0,0.0,0.0,0.0,0.0,0.0
0.0,0.0,0,0,0.0,0.0,0.0,0.0,0.0,0.0,0.0,0.0,0.0,0.0,0.0,0.0
0.0,0.0,0,0,0.0,0.0,0.0,0.0,0.0,0.0,0.0,0.0,0.0,0.0,0.0,0.0
0.0,0.0,0,0,0.0,0.0,0.0,0.0,0.0,0.0,0.0,0.0,0.0,0.0,0.0,0.0
0.0,0.0,0,0,0.0,0.0,0.0,0.0,0.0,0.0,0.0,0.0,0.0,0.0,0.0,0.0
0.0,0.0,0,0,0.0,0.0,0.0,0.0,0.0,0.0,0.0,0.0,0.0,0.0,0.0,0.0
2.67,6.8,1,0,0.8,0.2,1.2,0.1,0.9,1.1,0.6,1.2,0.1,0.1,1.6,7.8
0.38,10.4,1,0,1.5,0.4,1.2,0.2,0.1,1.1,1.1,1.3,1.5,2.0,1.0,9.5
2.39,5.4,1,0,0.9,0.2,0.1,1.9,1.7,1.4,0.8,0.3,0.3,0.5,1.1,11.7
1.98,5.6,0,1,1.9,1.5,1.1,1.2,0.8,0.5,0.7,1.5,0.0,0.2,0.1,10.7
2.57,14.1,1,0,0.9,0.2,1.0,0.9,0.3,0.9,0.8,1.2,1.3,0.1,0.7,12.1
1.51,17.1,0,0,1.3,0.3,0.1,1.3,0.1,1.2,1.9,1.2,0.8,1.3,0.9,12.7
2.82,7.7,1,1,1.9,1.8,0.4,0.1,0.2,0.0,0.2,1.4,0.1,0.6,1.7,14.7
2.44,5.6,1,1,0.2,1.4,1.3,1.8,1.5,1.6,0.6,0.4,1.5,1.6,2.0,17.3
1.12,15.5,0,0,0.7,1.9,1.7,0.9,1.5,1.5,0.2,1.8,1.0,1.7,0.6,11.0
1.17,0.2,1,0,1.8,0.2,0.6,1.9,1.9,1.1,1.3,0.9,0.6,0.7,1.3,11.5
2.37,15.8,0,1,0.2,1.0,0.1,1.1,0.9,1.8,0.7,0.2,0.3,1.5,1.2,15.0
0.25,14.0,1,1,0.1,1.6,1.4,0.2,0.2,2.0,0.7,0.7,1.6,1.9,2.0,11.9
1.13,1.7,0,0,1.6,1.1,0.8,1.8,0.2,1.0,0.0,0.9,0.1,0.2,0.2,8.3
2.24,11.7,0,1,1.9,0.7,0.6,1.7,0.4,1.9,0.0,1.9,0.1,1.8,1.1,15.5
0.22,11.1,1,1,1.9,1.0,1.3,1.4,0.9,1.3,1.2,1.8,0.1,0.6,1.9,12.0
1.37,12.4,1,0,0.6,0.4,0.9,0.7,1.2,0.2,1.9,2.0,1.4,1.1,0.6,12.2
2.05,3.3,0,1,1.8,1.6,1.9,1.5,1.2,0.8,1.9,1.7,0.1,0.1,0.8,13.4
2.96,3.0,0,0,1.2,0.8,1.9,1.7,1.7,0.9,0.8,0.5,0.1,1.7,1.6,12.1
2.99,11.1,1,0,1.5,1.9,1.7,0.5,0.9,0.3,1.9,1.2,0.5,1.3,1.2,13.4
0.34,13.4,0,1,1.0,1.5,1.0,1.7,1.1,1.1,1.8,0.8,0.3,0.1,1.5,11.2
2.11,4.3,0,1,0.3,0.0,0.7,1.2,0.8,0.9,1.8,0.7,1.0,1.6,0.8,11.2
2.59,19.0,0,0,0.3,1.9,1.0,0.5,0.9,2.0,1.0,0.7,1.3,0.5,0.2,12.0
0.38,3.0,1,1,0.3,1.3,0.4,0.7,1.8,0.9,1.3,0.3,0.4,0.1,0.3,7.1
0.53,1.8,0,1,0.2,0.9,0.4,0.7,1.0,1.4,0.1,1.6,1.3,0.2,1.7,6.1
0.18,5.5,1,0,1.6,1.5,0.4,0.4,0.7,1.0,1.2,0.7,0.9,1.5,0.1,8.0
2.14,17.9,1,1,1.0,1.1,0.2,0.9,1.1,0.5,0.5,0.8,0.0,0.6,0.4,11.5
0.36,17.8,1,1,1.2,1.4,1.6,1.0,0.2,1.1,1.2,1.5,0.9,0.3,0.6,10.8
1.94,11.4,0,0,0.7,2.0,1.2,0.5,0.2,0.3,0.5,0.3,0.4,0.6,0.3,10.1
0.24,10.5,0,0,0.8,2.0,0.2,0.8,1.9,1.7,1.6,0.5,0.3,1.3,1.9,8.8
1.71,5.6,1,0,1.5,0.4,0.6,0.9,1.0,0.5,0.2,1.2,0.6,1.2,0.3,10.1
6.57,58.4,4,2,4.4,4.7,5.8,3.8,3.6,5.4,5.2,4.9,5.8,3.3,5.1,52.9
9.0,88.8,9,6,8.0,8.0,9.9,10.0,9.1,10.0,10.0,8.7,10.0,9.3,9.1,96.5
6.89,68.7,2,1,3.9,6.3,5.4,4.5,3.9,7.2,5.4,6.8,6.7,6.4,4.5,59.1
6.82,68.6,3,2,3.7,3.2,3.5,5.5,3.6,5.4,3.6,3.3,4.9,2.6,4.4,53.9
7.43,65.0,3,2,8.3,4.9,4.8,7.4,6.7,6.3,4.8,7.2,7.4,5.0,6.9,64.1
8.17,76.0,4,2,5.2,7.2,5.7,7.6,5.3,6.5,7.7,6.9,5.8,7.5,7.0,71.7
5.04,45.9,2,1,3.1,2.2,2.3,3.3,4.9,4.5,4.8,3.5,4.2,2.3,4.3,38.4
6.4,24.5,2,0,0.9,2.9,0.9,3.0,0.4,3.5,1.9,0.4,3.1,2.1,2.3,30.5
7.02,64.0,2,2,5.8,4.9,5.4,6.2,5.1,3.7,4.1,3.2,3.6,4.5,4.8,54.9
7.24,72.2,3,1,4.3,6.6,6.4,3.7,6.3,4.3,3.7,4.2,5.9,5.4,6.8,57.0
8.14,78.9,5,4,8.4,6.1,9.2,7.6,5.7,7.9,6.7,7.9,8.2,7.0,5.8,78.5
7.2,65.8,3,2,4.8,4.8,5.2,4.4,5.2,4.3,5.4,5.9,4.8,5.4,3.6,54.6
4.66,28.0,1,1,2.4,3.5,4.3,2.3,4.1,4.0,1.5,3.5,1.9,4.2,3.0,32.7
9.59,95.3,9,4,10.0,10.0,10.0,8.4,9.8,10.0,10.0,9.0,9.6,10.0,10.0,97.4
6.6,51.9,4,2,4.9,4.4,4.1,3.6,2.3,4.9,5.6,5.5,4.8,4.7,4.4,53.0
9.79,95.8,4,3,8.8,8.3,7.7,10.0,10.0,7.7,8.7,9.8,10.0,8.1,9.3,90.1
7.34,66.3,2,2,6.5,5.5,4.7,5.1,5.3,4.7,6.2,5.7,4.8,5.0,6.6,57.0
4.46,31.5,2,0,3.2,3.5,4.7,3.0,2.1,2.8,5.1,4.0,2.3,3.7,3.2,33.2
8.52,83.8,3,3,7.4,7.9,6.8,8.0,8.9,6.9,7.8,8.0,7.8,5.7,6.8,77.1
8.03,87.5,5,3,5.8,4.9,7.6,8.6,8.6,7.7,5.3,5.9,7.5,7.3,5.7,79.0
8.02,78.4,3,3,6.0,8.2,8.4,8.2,8.0,7.5,8.9,8.2,7.3,7.2,6.9,75.2
8.3,76.2,3,2,7.7,6.7,8.4,6.6,7.5,7.1,8.2,7.5,6.2,5.9,5.9,70.8
6.81,73.3,4,2,2.4,4.8,2.7,3.3,4.5,5.1,4.8,6.1,4.3,2.8,3.7,52.2
7.78,65.8,2,1,4.0,3.3,5.0,6.5,3.3,5.1,6.7,3.3,5.6,5.4,4.7,58.6
4.19,45.6,2,0,2.0,4.5,2.9,3.4,5.6,4.0,3.3,2.8,5.5,3.7,3.8,38.6
5.99,40.8,1,0,3.6,2.2,1.9,2.4,2.2,2.6,1.9,1.0,1.1,1.1,2.3,29.7
8.0,88.0,4,4,6.4,9.1,7.5,6.0,8.3,6.8,9.8,8.8,7.0,7.8,6.4,78.2
7.29,56.2,2,2,5.0,6.6,6.4,6.9,5.7,4.9,6.6,5.8,6.1,6.4,7.0,60.1
9.6,97.0,7,3,8.6,10.0,8.9,7.9,8.9,6.5,8.8,7.4,7.8,9.7,7.4,90.9
8.62,75.6,6,4,7.7,6.7,8.6,9.8,7.7,9.5,7.7,7.3,8.3,8.0,8.1,87.0
8.28,75.6,4,4,6.7,5.8,8.0,7.1,7.4,6.1,5.0,7.6,5.4,7.3,6.3,74.0
7.14,52.0,2,1,5.4,5.4,6.3,4.2,6.3,6.2,3.3,5.8,5.4,5.0,5.9,50.6
7.64,72.5,3,1,6.5,5.8,4.0,5.6,4.5,5.1,6.7,4.4,5.3,5.0,4.0,57.1
6.63,60.1,4,1,5.0,6.4,3.8,5.5,5.6,5.0,6.6,6.6,6.9,5.6,5.3,60.4
7.37,53.6,4,2,5.6,6.8,6.6,5.9,5.8,5.1,6.0,4.0,4.2,4.7,4.0,58.4
7.72,51.0,3,1,4.4,5.5,3.8,5.9,2.4,3.3,5.3,4.1,3.6,4.4,3.9,51.7
6.66,53.3,3,2,2.9,3.1,5.3,3.2,4.4,6.4,3.6,5.0,3.7,5.4,5.5,50.4
7.91,86.9,3,4,8.3,9.3,8.9,10.0,7.6,8.9,8.7,8.0,9.1,9.5,8.0,85.5
7.37,70.2,2,1,6.2,5.3,6.2,6.1,6.0,7.4,7.6,6.1,6.4,6.1,4.8,61.7
6.72,66.1,2,1,4.6,4.7,7.6,5.0,5.7,7.4,5.9,6.5,6.9,6.3,7.2,60.6
7.67,51.8,4,1,7.6,6.7,6.4,6.9,7.7,6.5,6.6,7.5,7.5,6.6,8.3,67.4
8.32,76.8,5,2,9.1,7.7,9.9,9.5,6.3,8.1,9.1,8.0,9.2,9.4,7.4,85.3
5.53,32.3,0,1,4.7,3.5,1.8,3.4,2.9,3.3,4.3,3.7,4.6,2.7,2.3,34.2
5.6,38.2,1,0,1.5,2.4,4.2,3.8,2.0,2.8,0.7,1.7,3.6,2.9,2.2,34.4
9.65,91.2,7,5,9.8,10.0,7.5,10.0,8.1,9.1,9.3,8.0,9.2,8.4,7.9,96.1
6.97,74.9,3,2,3.9,4.9,3.6,4.7,5.6,4.4,6.8,7.0,6.6,4.5,5.0,59.0
6.48,47.8,0,1,3.3,3.1,3.0,2.7,0.7,1.5,1.4,3.7,1.4,3.9,2.8,34.5
7.02,61.2,4,2,6.6,4.2,6.3,4.9,7.6,6.4,7.5,6.2,5.2,4.5,5.5,61.5
5.74,30.4,1,0,2.3,4.6,4.4,2.9,4.8,5.7,3.9,4.6,3.9,3.9,3.1,38.5
5.94,23.7,2,1,3.6,2.6,2.7,1.2,1.0,4.5,2.2,1.0,4.3,1.5,3.4,32.0
9.06,89.7,9,4,8.7,9.7,7.2,8.1,9.5,7.5,6.6,8.9,8.1,7.3,7.8,88.5
7.58,68.3,3,1,7.7,6.4,4.9,6.2,5.3,6.8,7.8,4.9,5.0,4.9,5.9,61.2
7.34,62.5,2,2,6.5,4.6,6.6,4.0,5.7,3.2,3.1,4.8,6.1,5.7,3.5,54.9
7.71,56.3,4,1,5.7,7.0,4.7,8.3,5.7,4.5,4.5,8.0,6.8,7.2,5.2,66.7
5.27,31.6,2,1,3.0,3.9,2.7,1.2,0.4,0.6,3.3,1.3,3.2,2.8,2.0,31.8
4.3,38.5,0,0,2.2,4.3,4.7,4.7,3.6,3.8,3.3,1.7,2.8,4.6,2.5,36.0
7.06,61.0,3,2,6.4,7.8,5.9,4.8,6.5,4.6,5.5,5.7,5.0,7.3,6.6,59.8
6.73,51.3,3,1,3.4,5.1,6.7,3.6,4.5,5.5,6.6,4.6,5.2,5.0,4.4,50.9
7.4,71.8,2,1,6.9,4.2,7.0,6.3,4.5,7.2,6.1,5.8,5.0,5.5,6.8,59.8
6.51,69.0,2,2,2.6,3.0,4.7,6.1,3.2,3.5,4.3,5.9,4.4,3.8,3.8,52.9
7.8,84.3,3,2,5.5,5.9,7.3,5.4,6.7,8.6,8.6,5.3,6.7,7.6,6.2,69.1
8.55,89.7,6,4,6.0,7.5,7.3,7.2,7.1,7.9,5.4,6.8,6.9,6.0,7.5,79.4
9.62,96.9,8,3,8.0,10.0,8.7,9.5,8.8,10.0,10.0,10.0,10.0,10.0,9.0,95.9
8.26,82.2,6,3,7.1,5.2,6.6,5.2,8.4,8.3,7.6,5.0,5.4,6.1,6.1,72.0
6.27,27.5,1,0,0.0,0.0,3.7,0.2,1.4,1.0,0.9,3.7,0.4,2.3,3.2,25.3
7.72,51.3,3,1,3.9,5.0,4.6,7.2,5.1,6.3,3.6,3.7,4.4,4.5,6.3,57.2
7.18,52.9,3,1,5.3,7.1,7.7,7.3,6.6,5.2,4.9,7.2,6.5,7.3,6.0,62.1
7.91,80.3,5,4,8.7,8.0,7.1,9.1,9.1,10.0,7.2,9.6,9.9,9.3,7.0,86.4
5.16,47.3,2,1,1.9,1.2,1.2,0.9,1.7,4.3,1.4,3.6,3.0,1.7,3.8,33.5
7.08,63.9,4,1,5.9,2.6,3.6,4.7,6.2,3.4,4.9,5.4,5.6,3.4,5.2,54.2
7.78,62.1,3,1,5.1,4.4,2.6,2.5,6.1,3.0,3.5,5.3,3.9,3.8,5.6,51.4
5.9,49.6,0,0,4.6,2.0,2.0,3.9,4.8,4.4,3.9,2.3,4.0,3.5,3.9,35.9
8.61,87.7,3,2,7.8,7.0,8.0,5.2,5.2,8.0,7.6,5.7,6.6,5.7,7.8,68.5
7.49,72.6,2,1,2.7,3.2,3.9,3.8,3.4,3.8,5.4,5.8,5.6,4.6,3.3,51.1
6.54,74.2,2,1,2.4,5.3,4.6,5.3,6.1,3.2,5.0,2.7,5.0,4.5,3.2,52.5
4.03,34.1,2,0,2.5,3.7,0.9,0.9,3.9,1.8,1.5,2.4,1.3,1.7,1.2,25.4
8.37,84.9,3,4,7.0,8.7,8.8,6.7,6.6,6.3,6.0,6.3,7.8,7.3,8.2,77.1
7.29,65.8,2,1,7.0,5.7,7.7,5.6,6.0,5.3,5.7,4.0,5.0,5.4,5.7,57.8
4.35,28.3,0,0,2.5,5.2,1.9,1.9,4.7,2.0,2.2,2.9,4.8,4.1,4.0,30.0
7.71,59.9,2,1,4.8,5.8,2.4,3.6,5.0,2.8,3.4,4.5,5.4,4.8,3.5,49.0
8.1,85.8,3,2,9.8,9.9,6.8,7.6,7.8,7.5,6.8,7.7,9.2,7.1,7.1,76.9
7.72,66.7,3,1,7.5,6.7,6.2,6.7,6.7,4.2,5.6,4.5,4.6,5.8,5.4,61.6
7.25,51.1,2,1,3.7,4.4,5.3,3.3,6.1,3.7,4.8,4.8,5.4,5.6,4.2,47.4
7.26,59.3,2,2,6.1,6.6,4.8,5.4,4.9,6.3,5.0,7.5,6.1,4.6,6.8,59.3
7.59,64.5,4,2,6.6,4.8,3.8,6.2,4.8,4.2,3.7,7.3,5.6,5.0,6.9,63.3
6.39,29.4,1,1,2.8,4.7,2.7,3.3,2.1,3.3,5.0,4.0,4.7,3.5,3.1,38.1
6.75,51.4,2,2,6.0,5.8,5.5,3.6,5.4,6.6,3.9,4.0,5.9,4.9,5.7,53.3
6.13,41.3,2,1,4.3,2.1,4.1,4.4,4.1,2.5,5.5,4.6,2.7,3.6,5.2,43.9
7.62,64.7,3,1,4.9,6.9,6.1,4.3,6.9,5.4,4.8,6.0,4.2,4.0,6.2,55.8
7.6,72.3,3,1,5.8,6.1,2.3,4.8,3.8,4.1,4.1,4.6,3.7,4.9,4.3,55.4
8.79,78.0,6,4,8.7,9.2,8.7,8.8,8.5,8.8,9.0,9.9,7.3,8.5,7.2,86.9
7.03,51.7,4,2,4.6,3.9,5.7,4.5,5.4,6.6,3.2,3.3,4.8,4.4,4.2,55.0
7.54,73.2,4,2,6.2,6.6,6.3,5.2,3.6,5.9,4.7,4.6,5.5,5.6,3.9,62.3
8.04,85.7,6,4,9.1,9.4,7.0,6.5,8.0,6.3,8.4,7.1,6.6,8.2,6.8,79.2
7.42,51.6,2,2,5.6,7.4,7.0,5.5,6.9,8.4,5.8,7.2,6.1,7.9,5.3,63.5
8.29,80.8,6,4,8.7,8.0,8.6,9.3,6.7,6.1,8.1,9.2,6.4,7.3,9.1,85.9
7.06,61.4,3,1,5.1,5.2,5.4,4.6,4.0,6.4,3.3,4.7,4.9,4.0,3.5,53.1
8.54,79.7,3,3,7.8,9.5,8.1,7.4,6.1,7.9,8.7,8.5,8.8,8.4,9.1,81.1
5.84,29.9,0,0,2.7,4.0,5.4,3.3,4.6,2.1,1.8,5.4,4.6,2.6,3.0,34.1
4.73,43.2,0,1,3.1,3.1,3.2,2.9,2.9,3.7,1.7,1.5,1.3,1.7,1.8,28.7
7.47,61.8,3,2,3.9,4.5,2.8,4.4,4.0,6.0,4.7,5.1,3.5,5.6,4.3,54.5
8.98,95.7,7,4,9.7,10.0,10.0,9.1,10.0,7.8,8.9,8.5,10.0,9.2,10.0,97.9
9.48,99.1,9,4,10.0,10.0,9.5,7.9,10.0,9.1,10.0,9.5,8.3,9.9,9.5,94.1
7.74,63.1,2,1,6.4,4.9,3.7,4.8,3.8,5.5,6.6,3.8,5.7,5.5,4.1,54.2
5.15,43.4,1,1,3.0,4.7,4.7,3.8,2.5,2.8,5.7,4.1,2.7,3.7,2.5,40.1
7.36,53.0,4,1,4.8,3.1,3.0,5.5,4.2,3.7,4.7,6.9,4.5,5.1,4.6,53.6
8.7,88.2,5,3,7.0,9.0,7.3,10.0,8.2,7.8,9.8,8.0,9.2,7.8,8.0,87.9
8.75,88.4,6,4,5.9,6.3,9.1,6.0,5.6,7.9,8.2,6.9,7.1,8.3,8.3,81.9
7.4,69.3,4,2,5.1,7.3,5.6,5.7,4.1,7.0,6.1,4.6,5.1,4.5,5.8,62.8
7.85,77.9,5,4,6.0,8.1,7.3,7.6,5.7,6.2,7.8,8.8,8.6,7.9,6.8,80.3
7.36,52.0,3,2,3.8,4.4,5.4,6.6,5.8,5.9,6.3,5.2,5.7,5.2,6.9,58.4
8.5,85.7,3,4,5.6,5.8,8.2,8.9,5.9,5.8,7.7,7.4,7.2,7.6,6.9,79.6
7.16,59.7,2,1,6.0,5.4,6.8,7.2,6.4,8.7,7.3,6.2,7.4,7.8,5.8,64.0
8.35,80.9,4,2,8.5,6.3,5.0,5.7,8.7,7.3,7.7,6.6,6.0,5.8,5.8,69.9
4.98,25.7,1,0,1.1,1.5,2.3,1.2,0.4,3.3,4.2,2.2,2.7,2.6,1.3,25.3
7.48,52.5,3,1,3.4,5.7,5.5,5.9,5.0,4.9,4.1,3.9,4.5,4.1,3.9,53.6
6.85,57.2,3,2,6.9,4.2,5.8,7.4,5.9,4.8,4.0,6.9,5.2,6.5,6.6,61.6
6.91,56.8,2,2,4.4,6.6,3.8,7.5,5.7,4.9,6.4,5.7,5.4,7.1,5.9,57.5
9.04,96.7,9,6,7.5,9.5,10.0,10.0,8.0,8.5,10.0,7.3,9.5,9.6,9.6,94.9
5.79,22.7,2,0,0.3,0.0,2.8,1.8,1.4,1.6,2.2,2.5,2.6,2.5,2.6,27.4
9.4,90.4,4,5,10.0,9.0,8.8,8.0,10.0,9.9,9.2,9.6,9.1,9.6,8.5,88.8
8.23,81.6,3,4,6.7,7.3,6.0,7.3,9.7,6.1,8.1,8.9,8.3,7.1,6.8,79.5
4.18,25.6,2,0,1.9,3.9,2.5,2.6,2.1,4.0,3.5,3.4,2.4,4.2,4.4,30.3
6.96,62.6,2,1,5.4,8.6,6.9,8.6,7.4,7.1,6.1,6.7,5.8,7.3,5.9,66.3
8.03,76.8,6,2,8.1,5.9,8.0,7.0,7.5,5.2,6.7,6.6,5.7,6.0,6.3,73.9
4.61,28.0,1,1,2.6,3.5,1.2,3.6,0.6,1.0,1.6,1.7,0.6,3.3,2.6,29.4
7.71,61.0,2,1,6.5,6.2,5.0,7.3,5.1,8.2,8.3,6.8,7.5,6.2,5.5,64.5
8.34,87.5,6,2,6.7,8.7,8.8,7.5,8.8,7.3,9.8,8.8,7.3,6.8,9.3,82.3
7.2,74.2,2,1,2.9,5.0,4.8,5.4,2.4,4.4,4.0,4.3,3.8,3.8,2.8,50.9
7.71,59.5,2,1,4.7,6.8,6.2,6.8,8.1,8.2,6.0,4.9,7.0,6.9,7.2,63.5
4.49,46.7,0,1,5.0,2.9,3.5,2.2,2.5,4.8,2.4,3.0,2.3,3.5,4.3,33.9
8.52,86.2,4,3,9.3,6.4,7.7,6.4,8.4,7.5,8.6,6.4,6.7,8.2,6.8,77.3
6.84,66.5,4,1,5.1,5.8,7.3,5.7,7.1,6.9,6.3,8.2,7.3,6.2,5.5,63.8
7.46,60.9,3,2,6.5,6.7,6.8,6.4,6.0,6.5,7.2,5.7,5.4,5.5,7.4,62.4
8.65,81.1,6,2,6.1,4.5,7.3,7.6,7.6,5.7,4.7,6.4,7.2,7.1,5.4,75.5
7.24,71.7,3,1,4.6,6.9,4.5,6.0,4.6,6.0,5.6,6.2,6.2,4.0,6.4,61.3
6.57,66.1,3,2,7.0,8.1,6.9,7.4,7.7,5.0,7.3,6.8,7.5,7.9,7.8,68.7
9.39,93.9,8,4,9.0,7.1,10.0,8.9,7.0,7.5,10.0,8.7,8.0,9.4,9.1,93.7
7.77,67.1,4,2,5.2,6.5,5.0,7.0,5.5,3.5,4.2,4.4,4.8,5.6,6.3,64.2
7.22,69.7,3,2,6.5,6.2,3.7,3.6,5.8,3.7,3.9,5.1,4.4,3.8,6.2,55.2
6.96,57.6,3,2,8.3,7.3,5.3,6.7,8.2,5.4,6.8,5.7,6.9,5.7,6.8,64.8
7.57,51.4,2,2,3.9,3.4,3.6,4.9,5.6,7.2,3.3,6.5,5.2,5.7,5.4,55.5
8.46,76.8,6,4,6.7,9.0,6.6,7.8,9.5,9.3,8.0,6.8,8.3,7.7,8.6,84.2
5.43,25.6,2,0,2.9,2.2,0.6,3.7,2.5,0.8,2.0,1.6,1.3,3.3,0.4,30.8
7.18,63.0,2,1,4.2,5.1,6.8,4.0,5.2,7.6,3.9,4.6,4.9,5.0,7.0,55.8
7.11,69.0,3,2,4.6,3.9,6.0,4.8,2.6,5.9,3.1,4.5,4.4,5.3,3.3,55.2
6.86,71.3,4,1,4.9,7.0,5.1,6.6,7.7,7.5,5.9,7.2,6.5,7.5,5.7,66.1
8.04,85.2,5,3,5.9,6.5,6.9,8.6,6.6,6.5,8.2,7.5,7.9,8.1,6.7,80.8
7.31,65.0,3,2,5.1,4.6,4.8,5.9,4.4,6.2,6.5,6.1,4.3,7.0,5.6,59.4
9.83,93.4,6,3,7.0,8.9,6.6,9.1,8.3,7.2,6.9,9.3,7.2,9.7,9.2,89.7
7.62,56.2,4,1,7.1,4.7,4.7,5.2,5.4,6.6,4.5,7.8,6.2,5.5,6.1,58.8
7.27,60.8,2,2,4.5,6.4,5.0,4.2,4.5,5.2,5.6,3.5,3.0,5.5,5.4,52.8
5.44,33.9,0,1,1.5,1.2,1.9,0.0,2.0,3.0,3.0,1.0,0.6,1.1,2.2,23.3
5.96,27.2,2,1,0.0,3.0,2.1,1.7,0.0,2.1,3.1,0.0,0.1,1.6,0.4,26.0
8.16,88.7,4,4,6.5,8.4,5.7,9.2,5.9,6.9,7.4,8.4,7.1,6.9,8.1,83.6
6.93,73.2,4,2,8.0,7.4,6.6,7.4,4.7,5.5,5.8,7.2,7.9,6.4,7.3,69.9
7.2,57.0,3,2,4.2,4.8,2.9,3.6,6.6,3.4,5.6,5.2,3.3,4.5,4.3,51.9
6.87,52.3,3,1,6.4,3.0,5.8,3.7,3.3,6.6,4.4,4.2,4.2,5.1,4.3,50.1
9.04,98.6,5,5,8.2,10.0,9.5,10.0,8.3,9.5,7.9,10.0,7.7,9.4,9.6,91.4
7.92,89.1,5,2,6.6,6.2,8.6,7.0,6.9,5.9,7.3,7.4,5.8,6.4,5.6,73.6
6.08,48.4,0,1,0.6,1.2,2.4,2.5,3.5,2.8,2.3,0.9,1.2,2.5,1.5,29.9
6.51,51.5,4,1,4.1,6.4,6.6,4.4,3.9,3.9,4.2,3.8,6.0,5.0,4.9,53.9
7.36,71.8,2,1,4.9,7.2,7.0,5.9,7.9,5.3,5.5,4.7,5.3,7.3,6.5,63.3
7.54,56.2,3,2,6.9,8.7,7.3,5.4,8.2,5.2,5.1,6.9,7.0,5.7,5.5,62.9
8.83,93.3,7,5,7.9,8.4,8.9,8.2,8.3,8.0,10.0,10.0,8.1,10.0,9.6,92.2
8.36,86.7,4,4,5.2,8.2,5.3,7.1,4.8,7.2,7.5,6.6,7.6,6.0,7.1,76.4
7.28,67.1,3,2,4.7,5.7,7.2,4.5,5.7,4.4,4.1,7.3,4.6,7.2,4.8,60.5
7.03,53.2,3,2,3.7,2.6,5.0,4.1,6.0,2.2,4.8,3.8,4.3,4.1,2.8,52.3
5.5,30.2,1,1,5.3,4.5,5.4,3.8,3.8,4.6,2.6,1.8,3.1,2.9,4.2,39.0
7.27,50.4,2,1,6.9,7.7,6.8,5.4,6.4,6.5,4.5,4.2,6.8,5.8,5.4,56.5
5.35,45.5,2,0,3.7,3.0,2.6,4.5,2.8,2.2,4.6,4.8,3.7,4.0,5.0,42.6
9.44,97.7,4,3,10.0,7.0,8.4,8.7,8.8,8.9,9.3,9.9,9.3,9.0,7.7,89.2
4.71,33.3,1,0,3.8,1.7,3.2,2.8,4.6,3.8,2.3,1.1,1.5,2.2,4.1,31.5
6.85,60.0,2,2,4.9,5.7,5.2,4.4,7.3,5.5,6.8,6.5,4.4,5.2,4.5,53.7
8.5,80.0,5,2,8.7,6.2,7.6,8.8,8.9,6.0,6.9,7.4,6.8,8.3,9.3,80.8
6.96,60.0,2,1,5.4,3.7,3.6,4.5,2.8,2.9,2.9,5.2,4.4,3.2,5.4,48.5
6.71,66.9,4,2,2.5,2.9,5.1,3.7,5.6,3.9,2.6,2.6,5.3,4.3,5.2,53.7
7.3,63.1,4,1,6.6,3.8,5.8,3.3,6.8,5.9,3.5,5.1,3.6,4.7,5.0,54.2
7.72,66.8,2,2,5.9,4.3,3.8,6.6,5.4,4.6,6.0,5.2,6.7,5.1,4.6,59.6
6.56,70.5,3,2,5.9,5.8,4.5,5.2,7.1,7.2,5.7,7.0,6.4,5.0,7.4,61.0
8.59,79.3,5,4,9.8,6.9,8.0,7.3,8.7,9.0,8.8,9.1,7.3,8.1,6.7,82.2
5.38,35.6,0,1,2.1,4.8,3.6,3.9,2.1,4.8,4.5,4.9,2.7,3.0,2.9,34.5
5.3,27.4,2,1,0.3,0.9,2.1,0.6,0.2,3.1,2.4,3.2,2.5,2.3,0.6,26.7
8.85,99.6,9,3,7.7,8.9,9.8,8.1,9.4,10.0,9.0,9.0,10.0,8.6,9.7,91.6
9.6,93.9,6,5,10.0,9.0,9.8,10.0,9.9,7.4,9.3,7.7,9.0,9.4,9.0,95.3
7.8,53.4,2,2,5.3,5.1,7.0,6.2,6.1,5.8,7.9,5.1,5.3,6.5,5.1,59.0
6.79,51.7,4,2,8.1,5.7,5.1,6.0,4.9,7.6,5.4,7.2,5.2,7.1,5.5,63.1
7.04,72.7,3,1,2.9,2.8,4.9,5.8,3.1,3.5,6.2,3.6,4.7,3.6,5.0,55.7
7.32,70.2,3,1,4.4,4.6,4.8,7.2,7.2,5.1,5.7,4.1,4.6,4.9,5.9,59.9
4.71,32.0,2,1,2.4,3.1,5.0,4.9,3.9,4.1,3.9,1.5,4.1,2.6,2.3,38.4
6.92,51.4,4,1,3.5,5.1,5.0,3.9,4.5,6.3,4.3,4.8,3.2,4.1,4.0,49.6
7.95,77.3,5,2,5.8,6.7,6.1,8.3,7.1,8.8,5.9,6.4,6.5,6.3,8.0,76.4
9.21,97.0,9,3,9.3,10.0,8.5,8.7,10.0,10.0,8.7,10.0,10.0,10.0,8.7,93.3
8.75,85.2,3,3,8.9,7.7,5.6,8.0,8.2,7.2,7.4,7.6,8.5,6.6,8.2,78.3
5.76,42.3,2,0,3.6,4.1,1.5,4.8,2.7,1.6,3.2,2.6,3.3,2.9,4.0,38.9
8.51,76.6,5,2,7.4,10.0,6.3,9.1,8.2,9.6,7.0,6.9,9.5,7.6,9.0,83.3
6.68,50.3,2,2,5.0,6.3,6.9,5.2,4.0,6.6,4.4,6.2,6.1,5.9,5.4,55.2
7.52,54.9,3,2,6.0,5.4,6.2,8.5,5.8,8.3,5.5,4.6,5.6,6.2,5.6,65.3
6.29,45.3,2,0,1.9,3.3,2.1,4.1,3.8,3.5,3.4,1.9,4.0,4.5,2.1,39.1
5.88,28.2,1,1,3.5,4.5,2.9,3.4,2.5,1.0,3.3,1.8,3.1,2.2,3.7,34.0
8.2,87.9,4,3,6.0,7.5,5.0,6.0,7.9,5.7,5.2,7.8,7.2,6.4,6.8,73.0
7.64,72.6,2,2,4.4,5.5,6.0,7.4,5.6,4.3,6.5,3.5,6.3,4.1,6.6,62.0
4.43,34.3,2,0,3.9,3.7,5.0,1.8,4.1,2.1,2.3,2.4,3.3,2.2,3.8,32.4
4.78,35.1,0,1,2.1,1.9,4.2,4.2,2.2,4.3,3.6,4.9,4.4,2.2,4.0,34.2
7.58,62.7,3,1,5.5,6.1,6.3,7.4,6.6,7.6,5.5,5.9,7.1,6.2,6.8,67.2
8.35,78.6,5,4,6.4,7.8,6.0,6.8,7.8,8.1,5.7,9.2,6.9,7.9,5.9,78.8
8.12,75.8,5,2,5.7,8.9,8.4,6.6,8.5,6.2,8.6,6.3,8.4,7.9,8.9,78.1
7.19,54.9,2,1,5.4,4.7,4.3,6.3,2.6,3.3,3.9,5.3,5.2,5.8,4.3,53.6
7.75,61.1,3,1,4.5,4.8,6.0,4.6,5.8,6.3,6.9,7.1,6.4,6.5,5.2,59.2
5.0,40.2,0,0,1.0,1.2,2.6,1.8,3.2,3.3,3.9,3.2,2.1,2.3,3.5,28.4
7.42,56.3,3,1,4.3,4.5,3.8,5.6,7.1,6.2,6.6,5.4,6.4,5.1,4.8,57.9
9.37,94.0,5,6,10.0,9.4,9.0,6.6,8.7,8.9,6.9,7.6,7.4,9.0,8.5,86.7
6.76,55.3,2,1,5.0,4.2,2.7,2.4,3.7,4.6,4.8,4.5,5.1,4.1,2.8,46.4
5.77,41.4,1,0,2.3,3.7,3.6,3.5,4.9,3.3,2.7,5.0,2.8,4.6,2.8,38.5
5.09,39.7,0,1,3.2,2.5,2.8,2.9,1.3,4.1,0.4,0.5,2.7,1.0,1.8,27.8
8.14,77.7,5,2,5.8,7.5,6.2,8.0,8.3,7.4,6.3,8.2,6.7,7.7,7.2,77.3
9.08,89.2,7,5,10.0,9.4,7.5,8.0,9.8,9.4,8.5,10.0,8.1,8.8,9.8,91.0
8.09,78.0,6,2,6.7,5.5,7.6,6.0,5.7,8.3,5.3,7.3,8.2,7.8,7.1,77.0
8.49,75.2,4,4,6.9,8.1,7.4,6.1,8.3,7.8,6.7,7.3,7.0,6.7,7.7,74.8
4.93,26.3,0,0,3.6,3.9,5.0,2.1,4.0,3.6,3.5,2.0,1.6,2.7,2.5,25.4
5.26,32.1,2,0,4.4,2.0,3.7,3.8,1.9,3.0,3.2,3.7,2.0,3.8,3.6,34.9
4.97,28.5,2,1,1.8,2.5,3.5,1.5,3.4,0.7,1.7,1.4,0.8,1.1,1.3,24.7
9.05,91.5,5,3,9.5,8.5,8.7,8.0,10.0,8.0,8.3,6.8,9.3,9.2,7.4,86.8
7.77,60.5,2,2,4.9,5.8,5.6,6.1,6.5,6.6,6.2,3.6,6.2,6.6,4.7,59.5
4.16,44.7,0,0,0.5,0.3,0.8,3.6,1.3,0.6,0.4,2.9,3.3,1.5,3.4,27.9
6.73,72.3,3,1,5.3,7.0,3.6,3.5,3.4,3.9,6.5,6.2,5.3,4.8,5.6,55.0
5.52,37.1,1,1,2.8,4.2,1.5,5.3,1.5,3.0,4.0,4.3,3.3,2.8,4.7,39.8
8.51,83.8,5,2,6.4,6.5,8.8,9.3,8.3,7.3,9.0,7.2,9.0,8.5,9.5,84.9
8.37,84.2,3,2,9.4,7.2,8.0,8.0,9.5,9.1,9.3,8.9,8.4,8.7,7.6,81.6
7.4,62.9,3,1,6.3,8.6,6.4,8.7,6.7,6.0,7.4,5.7,6.1,7.0,6.3,68.1
5.62,35.3,1,1,1.1,1.7,3.1,2.3,1.5,3.0,3.2,2.1,3.0,1.2,2.6,30.6
7.17,67.3,2,2,4.7,5.7,5.6,5.5,7.7,7.5,5.1,5.4,7.9,6.2,6.3,63.4
7.78,56.0,4,1,4.9,5.2,6.1,6.5,5.3,5.0,8.0,7.6,4.9,4.8,6.0,61.1
4.63,46.3,0,1,0.4,0.4,2.2,3.2,1.7,0.0,0.0,2.2,0.6,1.3,2.1,24.7
8.64,80.4,6,2,6.6,6.4,8.5,7.2,8.6,8.5,8.3,9.9,9.1,8.9,6.5,83.1
5.42,35.9,0,1,2.1,4.2,2.1,2.3,1.9,0.5,3.2,1.8,1.8,1.4,2.4,28.2
6.84,61.6,2,1,6.1,4.7,2.7,4.3,4.9,4.1,5.9,3.8,4.5,3.0,4.8,50.0
5.09,28.8,1,0,1.1,3.3,3.9,2.0,3.3,2.6,3.2,3.1,3.0,1.4,1.5,28.1
4.64,24.1,1,0,2.4,2.0,0.6,1.7,0.8,2.8,0.6,2.7,3.1,0.4,2.4,23.9
8.64,89.6,5,4,8.4,9.4,9.2,7.8,9.0,7.5,8.9,10.0,8.3,7.1,8.2,85.4
7.71,66.0,3,1,4.0,5.0,4.9,6.5,5.8,3.9,3.3,4.9,3.6,5.2,6.0,56.7
8.25,81.9,4,4,8.5,5.4,6.3,5.2,7.3,7.4,7.1,6.9,5.3,7.7,6.5,73.3
7.21,52.3,2,2,7.1,5.5,7.0,5.8,4.6,7.1,7.3,5.9,5.6,7.8,7.7,60.9
6.84,71.0,2,1,4.5,6.2,6.7,7.0,7.6,6.9,4.5,6.6,6.4,6.5,7.0,63.4
8.63,75.8,5,2,6.6,9.7,8.3,6.6,7.9,8.6,7.4,6.0,9.3,9.4,7.2,81.3
5.88,27.6,2,0,2.9,4.6,2.6,2.6,4.7,5.0,2.4,4.4,3.0,4.9,2.5,35.9
8.71,77.5,4,2,8.9,9.4,8.2,8.0,8.0,9.1,7.7,7.8,9.1,9.5,8.6,80.5
4.59,24.9,1,1,2.0,0.0,0.7,0.9,0.0,0.6,0.4,2.1,0.0,1.3,1.9,18.0
4.33,46.6,0,0,0.5,0.1,1.5,0.1,1.2,3.7,2.7,2.7,2.2,1.7,3.0,22.3
6.5,54.1,3,2,5.7,5.7,7.0,6.0,5.7,3.6,3.2,4.8,6.3,4.1,3.6,54.8
7.88,81.2,6,2,8.8,8.8,8.6,6.8,8.5,6.7,8.3,7.0,6.6,7.4,9.3,79.0
7.04,54.2,4,1,7.3,5.7,5.9,6.4,5.1,8.4,8.9,6.0,7.7,7.0,5.8,65.4
6.89,50.9,2,2,5.7,5.8,5.2,4.3,4.2,4.0,7.7,6.8,5.0,6.6,5.4,55.4
6.71,74.0,2,1,7.7,6.1,4.6,5.8,6.7,5.9,6.8,7.4,7.5,6.8,5.7,62.9
5.57,44.9,1,0,2.4,2.8,3.0,2.4,1.8,1.6,2.9,1.1,3.4,3.5,0.7,32.4
7.44,65.5,3,1,5.6,2.6,3.4,2.5,5.7,3.6,4.6,2.9,3.2,4.0,5.5,48.6
8.22,82.8,6,4,5.6,7.6,7.6,7.6,6.1,7.6,4.7,7.8,5.5,6.7,5.2,78.3
6.79,63.3,3,2,7.5,7.6,7.9,6.0,6.0,5.0,7.0,8.7,5.9,6.0,7.9,65.3
6.56,65.6,2,2,3.3,6.2,3.0,5.5,4.9,5.0,4.0,3.6,5.9,4.1,5.1,52.9
8.96,99.3,6,3,6.8,6.4,8.1,9.2,8.4,10.0,6.4,9.7,8.2,8.4,7.1,88.3
8.3,86.5,3,4,7.3,8.1,7.4,9.1,7.2,6.3,5.6,5.8,7.8,8.8,6.6,80.0
8.67,82.8,6,3,8.5,6.1,6.6,8.5,6.2,8.0,8.5,7.7,7.4,8.7,7.0,83.5
6.81,67.8,2,2,7.8,5.0,6.0,7.2,6.4,7.2,5.2,6.0,6.2,6.2,6.7,64.4
7.54,58.5,3,2,6.1,5.1,8.1,5.9,5.4,7.1,5.1,7.3,5.8,5.4,6.3,62.3
6.55,58.1,3,2,4.4,5.0,5.9,6.4,5.8,6.2,4.9,6.0,5.1,5.8,4.7,56.2
7.85,87.8,4,4,5.7,6.5,5.6,7.6,5.3,6.6,7.1,7.9,5.5,5.8,8.1,74.9
7.09,51.0,3,1,7.9,7.9,5.7,5.1,4.6,5.0,5.3,6.5,6.3,4.9,4.7,54.9
5.03,48.0,1,0,3.3,1.4,2.4,2.4,4.3,4.8,2.7,2.5,1.6,1.6,2.0,31.0
5.86,41.7,1,0,0.2,0.9,0.6,2.4,2.0,2.1,0.0,1.3,0.1,2.4,1.4,26.6
7.23,54.3,3,1,2.6,3.7,5.2,3.4,2.9,5.2,3.2,5.6,3.1,5.0,3.5,48.2
8.9,99.5,8,4,8.0,8.2,8.4,7.4,10.0,7.6,10.0,8.3,10.0,10.0,8.2,91.7
6.99,53.8,4,2,7.1,7.4,6.7,5.6,7.8,7.1,6.1,4.9,6.0,7.4,6.8,64.5
8.67,88.4,4,3,6.8,6.9,6.4,6.6,9.7,10.0,7.2,7.3,7.2,8.0,7.0,78.4
9.54,99.9,6,4,9.3,10.0,8.1,10.0,9.7,8.8,10.0,10.0,9.9,10.0,10.0,98.0
6.97,71.1,2,1,4.3,6.4,3.9,5.5,5.8,3.0,3.8,5.4,4.0,5.7,5.7,53.6
6.61,68.1,4,2,4.6,4.4,3.0,6.0,6.3,5.5,5.6,4.4,5.6,4.4,4.5,58.5
5.4,29.4,1,1,0.0,2.0,2.1,0.5,0.7,0.0,0.0,2.8,1.4,1.3,0.5,21.8
7.97,77.8,4,4,8.5,9.0,6.2,8.4,5.9,5.5,5.9,7.7,7.3,7.3,8.8,79.3
9.14,90.5,7,3,10.0,9.2,10.0,9.7,8.7,10.0,10.0,8.3,8.3,10.0,10.0,93.4
9.78,95.2,4,5,7.9,8.8,7.3,10.0,10.0,9.1,10.0,7.9,9.1,8.5,8.9,92.6
8.48,88.2,6,2,5.1,7.9,7.5,6.1,5.5,6.2,8.0,7.7,7.7,6.9,8.4,75.2
6.58,56.6,3,1,6.1,6.0,6.6,5.6,5.0,5.0,6.0,3.7,5.4,4.6,3.9,53.5
7.83,83.9,5,3,5.9,5.7,7.1,7.4,5.8,9.2,8.4,7.6,9.0,8.2,8.7,82.1
9.34,96.4,6,5,10.0,10.0,10.0,9.8,10.0,9.3,8.1,10.0,8.6,10.0,9.7,97.7
6.51,54.9,3,2,5.6,6.3,4.6,4.8,6.1,4.7,6.2,5.0,6.9,5.8,6.9,57.5
7.84,84.9,6,2,7.4,7.6,7.5,8.3,5.8,7.6,7.3,9.0,6.0,6.3,6.2,77.9
7.99,76.0,6,4,6.8,7.5,9.3,10.0,9.1,8.0,6.7,8.6,8.9,9.9,8.7,88.1
7.17,74.5,2,1,5.7,5.8,4.1,6.4,7.7,5.2,4.2,7.7,7.5,5.3,5.6,61.5
5.44,24.6,0,0,1.4,0.6,2.0,3.0,2.5,0.2,3.1,4.0,2.1,2.6,3.3,28.5
8.3,81.6,3,2,7.3,7.0,6.6,8.3,7.9,7.7,7.5,7.9,7.0,7.3,8.5,73.7
5.3,34.2,1,1,0.0,1.8,1.4,1.8,3.2,1.0,2.6,0.7,1.8,2.2,2.6,28.1
8.77,79.3,6,3,8.5,7.5,4.9,6.0,6.5,5.4,5.9,8.2,5.8,6.9,7.2,76.6
5.24,27.9,1,0,2.5,2.9,4.5,3.9,1.4,3.4,2.9,2.3,4.1,2.8,4.1,34.1
6.59,73.3,2,2,5.7,6.5,5.0,4.8,7.0,3.3,4.0,5.8,5.9,3.7,5.2,56.1
7.02,57.4,4,2,7.0,5.5,6.2,5.1,7.5,5.2,5.0,4.1,4.6,5.2,5.8,59.3
8.6,79.0,6,2,5.0,5.5,8.5,5.7,6.4,8.4,7.6,7.7,7.7,5.6,7.2,74.9
7.82,83.2,5,3,6.7,8.9,7.5,6.6,8.5,9.9,8.1,10.0,8.9,9.4,8.0,82.7
8.8,85.9,6,2,6.4,8.7,5.6,5.6,5.2,7.5,5.6,7.1,7.9,8.2,5.9,77.4
8.13,76.7,4,3,9.2,6.4,7.3,7.7,9.5,7.2,9.8,8.9,9.6,9.2,9.3,82.3
7.57,57.6,2,1,3.8,5.9,3.5,4.9,5.1,6.2,4.8,5.6,6.1,6.6,6.2,55.4
6.73,52.5,4,2,4.7,4.3,5.4,5.4,5.1,5.1,2.8,4.6,3.3,3.3,4.7,52.9
7.71,52.2,3,2,6.4,6.3,4.0,6.2,3.8,6.3,6.3,4.8,5.4,5.8,4.2,57.7
6.33,47.3,0,1,2.5,4.2,4.0,3.8,2.0,1.9,3.5,4.3,2.8,2.3,2.6,35.3
7.45,58.4,4,1,3.0,3.2,6.3,5.5,5.5,5.8,3.3,5.5,4.9,5.5,5.0,59.4
7.59,68.9,4,2,5.5,6.0,6.9,7.1,5.7,4.5,4.3,5.9,5.1,6.7,4.2,65.4
6.32,39.5,2,1,3.9,4.0,1.8,2.1,1.3,1.0,2.3,2.7,2.6,2.2,1.1,33.5
5.11,21.5,1,1,2.7,0.8,4.1,3.0,1.1,1.4,4.5,0.8,3.5,2.6,2.5,30.3
6.05,30.8,0,0,3.5,3.4,3.2,3.8,4.2,3.3,3.2,1.9,1.5,1.3,2.9,29.5
7.6,57.3,3,1,4.7,3.6,3.5,3.9,6.3,2.6,6.2,3.6,5.6,5.4,4.0,52.8
7.96,88.4,4,4,7.8,7.6,6.4,8.4,6.9,5.3,6.0,8.1,6.6,8.2,6.6,79.2
5.26,46.0,2,0,2.3,1.8,2.8,0.0,3.3,1.6,0.0,0.0,2.7,1.0,2.1,27.1
7.62,72.9,2,1,5.0,8.9,5.2,7.1,7.3,8.7,5.4,6.3,8.0,6.4,6.9,66.1
7.1,72.2,3,1,3.8,5.2,3.5,6.6,3.8,6.1,4.5,4.7,5.7,4.1,5.4,56.8
5.43,39.1,0,0,4.1,2.2,1.5,0.8,3.7,3.9,2.9,2.0,1.3,2.1,2.1,26.2
8.45,79.1,6,2,9.0,7.2,9.1,7.7,8.6,9.2,7.7,9.2,8.5,9.7,9.3,84.6
5.73,37.2,0,1,4.3,2.6,2.7,4.6,2.6,3.1,5.2,2.2,3.7,4.4,4.8,40.6
7.37,53.2,2,1,6.7,7.5,8.1,5.1,7.8,6.8,5.6,5.7,7.8,7.1,6.9,62.5
7.45,57.2,3,2,6.8,5.6,5.0,4.9,5.7,6.9,7.3,7.8,5.0,6.1,7.7,60.9
8.01,82.5,6,2,6.4,5.5,5.4,5.7,7.7,7.6,8.6,7.2,7.9,8.1,6.3,76.4
5.16,28.0,2,1,2.7,2.5,3.5,4.3,4.0,3.9,3.8,3.8,4.3,4.0,2.0,36.6
4.25,20.3,2,1,4.6,3.2,1.0,3.5,1.9,0.7,3.8,0.8,2.8,2.2,2.6,28.6
7.63,66.5,3,2,5.9,5.3,5.9,3.8,7.0,5.9,6.0,4.1,6.5,4.8,5.5,57.6
4.11,41.6,2,0,0.6,0.5,1.7,3.5,3.0,0.7,3.0,0.8,0.9,1.0,2.8,27.6
7.49,74.8,2,2,5.5,7.3,4.8,6.8,6.5,7.6,4.2,4.3,6.0,5.0,7.4,66.2
5.22,30.9,0,1,3.1,2.4,4.0,1.4,2.2,3.2,3.8,0.9,3.4,4.3,3.2,28.7
4.8,46.0,1,0,3.2,0.4,0.0,1.4,1.4,0.3,0.0,2.3,3.2,2.5,3.0,28.6
6.4,24.3,1,1,1.9,1.9,2.6,4.4,1.5,3.1,2.0,2.2,1.5,3.3,4.0,33.3
9.02,98.5,4,6,8.9,9.1,8.0,10.0,9.4,9.3,10.0,10.0,8.3,8.1,9.5,92.1
7.27,52.2,3,2,5.9,6.2,4.2,6.4,5.2,3.4,5.7,4.9,4.6,4.0,4.3,55.8
8.49,78.7,5,4,7.9,7.6,4.8,4.9,5.9,5.7,6.2,5.5,7.2,7.7,6.0,72.9
4.29,38.5,1,1,3.9,2.9,3.0,2.4,1.0,0.9,1.6,2.8,3.4,2.4,3.4,32.1
4.09,47.4,0,1,2.1,3.3,1.7,4.6,2.6,2.1,3.1,5.1,4.8,3.6,3.0,37.9
4.64,34.4,0,0,2.1,1.9,3.1,2.6,0.2,2.7,3.4,1.3,2.1,2.6,0.6,25.4
8.25,80.1,6,4,7.7,6.6,8.5,7.4,6.0,5.8,6.5,7.4,5.5,5.5,7.8,78.5
5.67,36.3,0,0,2.3,4.1,4.8,4.3,2.2,3.0,4.4,3.8,3.5,3.0,3.6,35.0
8.58,79.9,4,4,8.9,8.5,7.2,8.9,7.1,8.5,6.4,7.3,7.9,6.6,7.0,79.3
8.63,79.4,5,3,8.6,7.0,10.0,8.4,9.1,7.5,8.2,9.4,8.6,8.1,7.3,84.4
7.19,70.3,4,1,6.7,7.1,6.4,4.5,7.1,7.6,6.3,5.1,5.9,5.4,7.5,64.3
7.32,68.4,3,1,4.4,6.7,4.7,3.3,3.7,6.9,5.3,5.8,4.0,6.6,4.2,55.6
6.49,28.4,1,1,1.6,2.9,4.0,1.6,1.9,1.5,3.7,4.1,2.2,2.8,2.5,31.7
8.77,81.6,3,2,8.9,7.5,8.9,8.5,9.5,8.0,9.2,9.2,8.7,6.9,7.7,79.8
6.57,50.6,2,2,4.8,5.4,5.7,5.9,6.0,6.7,5.8,5.8,4.4,4.2,6.0,54.2
6.12,41.8,0,0,4.0,4.6,3.8,4.3,2.5,4.4,4.5,3.1,4.8,3.6,2.9,35.8
7.71,54.3,4,2,7.2,5.9,5.4,6.0,4.2,6.4,7.1,4.1,5.6,6.8,6.9,62.5
7.42,52.5,4,2,5.3,2.1,2.4,3.1,3.4,5.0,3.8,2.3,3.0,4.7,3.0,48.8
6.57,60.2,3,2,4.2,4.1,3.0,5.0,5.0,2.8,6.0,5.3,3.7,5.0,3.3,53.5
6.71,68.4,3,1,4.9,3.4,6.4,3.3,6.0,3.6,5.1,3.7,6.0,6.1,4.0,55.4
6.61,59.8,2,1,5.2,5.5,6.7,5.0,8.0,4.8,7.8,6.0,6.9,6.0,7.4,57.5
6.87,66.0,4,2,4.0,5.8,5.7,4.7,5.7,3.5,3.3,6.6,5.4,3.9,4.2,57.6
8.25,85.1,3,2,8.0,6.4,7.0,6.6,8.3,6.2,6.9,7.0,7.6,5.8,7.5,69.5
9.4,96.6,6,4,7.4,9.9,8.4,7.7,9.7,9.9,8.5,8.9,9.7,8.8,10.0,92.6
7.07,51.7,4,1,3.7,5.3,4.1,7.1,6.7,3.8,5.1,4.6,5.9,6.5,5.1,59.9
6.52,64.4,3,2,6.0,5.9,4.8,4.8,6.7,6.3,5.1,3.3,3.9,5.1,5.4,57.6
7.9,87.3,5,3,5.1,8.5,6.4,8.8,7.9,6.1,6.2,6.1,6.4,7.8,7.7,79.1
6.56,57.7,4,1,6.4,6.3,5.2,4.2,4.3,4.8,3.2,4.2,6.3,3.5,4.3,52.7
7.32,52.6,2,2,7.1,6.6,4.9,6.9,6.6,4.0,5.6,5.8,5.0,4.8,7.1,60.1
9.89,97.5,5,6,10.0,9.8,7.8,9.9,10.0,8.3,7.7,8.7,9.6,7.9,8.7,93.4
5.05,46.9,2,0,5.0,3.2,2.0,2.8,5.7,3.8,4.2,3.3,3.4,3.9,3.4,38.2
8.1,84.9,4,3,5.6,5.4,6.1,7.5,5.1,8.4,8.3,5.1,8.0,7.0,6.4,74.4
8.06,85.4,3,3,6.9,6.0,6.4,5.9,7.3,7.8,8.3,7.0,6.3,5.8,6.3,71.1
8.03,82.9,6,3,6.4,6.9,8.7,9.1,9.0,9.1,9.0,6.2,8.7,8.0,6.9,83.2
7.83,88.1,3,4,5.8,7.6,8.0,6.4,6.7,5.5,7.6,5.3,8.2,5.3,6.7,74.2
7.08,64.3,3,1,5.5,4.9,7.2,6.2,4.4,7.0,5.5,6.0,5.2,5.4,5.1,57.9
8.03,78.6,6,3,5.5,5.8,6.6,7.0,7.7,8.2,8.3,7.8,8.1,7.6,6.3,77.5
7.47,69.3,3,1,4.4,6.0,5.3,5.9,7.5,5.5,7.5,3.6,5.0,4.3,4.8,57.9
7.83,82.8,4,2,7.7,8.7,8.3,6.9,6.8,5.7,7.3,9.2,6.5,7.1,8.5,74.7
6.81,66.8,4,2,5.3,4.6,4.3,4.0,5.8,4.8,5.4,2.9,3.1,5.5,3.4,55.2
9.48,95.8,6,5,6.8,9.0,10.0,7.3,6.4,7.1,7.4,9.4,8.5,7.5,7.9,87.9
6.53,53.4,3,2,4.7,5.3,6.9,7.2,6.1,4.9,4.5,6.7,5.5,5.1,5.1,58.2
7.82,83.4,6,3,7.9,5.8,5.6,8.0,8.3,6.9,8.3,5.6,7.5,7.3,6.4,79.3
7.54,64.8,2,1,5.9,4.3,4.8,3.5,3.3,4.3,2.9,4.1,5.5,5.2,5.6,51.8
8.81,95.5,5,6,8.3,9.5,9.4,7.8,8.6,10.0,8.3,9.3,7.5,9.8,8.8,90.0
6.21,39.5,2,0,2.1,0.5,2.9,2.0,0.8,0.0,2.1,1.0,2.9,2.1,0.2,28.1
5.93,45.2,1,1,1.6,1.2,4.2,4.5,3.8,3.1,3.2,2.7,4.3,3.3,3.9,40.4
9.82,92.6,5,6,8.3,6.8,8.2,8.3,7.8,10.0,6.5,8.9,7.9,7.0,8.4,89.3
6.87,54.2,2,1,7.0,5.3,5.4,3.1,4.4,4.9,5.5,5.6,6.1,5.2,4.1,49.6
6.87,63.3,2,1,3.5,4.5,5.6,2.5,2.6,5.3,3.3,4.4,4.4,3.8,3.2,45.8
5.44,32.7,0,1,2.6,2.7,1.4,2.0,4.5,4.2,3.5,2.8,1.6,1.2,2.8,27.7
6.86,70.2,3,2,5.9,3.1,3.8,6.4,4.2,4.4,6.0,4.2,5.0,4.0,3.7,58.2
8.37,86.4,3,3,8.8,5.7,5.2,5.4,6.6,5.0,7.4,8.7,6.0,6.7,5.4,72.3
7.04,56.8,2,2,5.6,3.5,5.5,3.5,5.3,6.1,4.8,5.4,5.9,5.3,3.7,50.7
8.0,86.1,6,2,7.2,7.4,6.8,8.4,8.7,6.7,7.2,6.4,9.0,8.5,6.6,82.2
8.45,89.3,3,2,6.8,7.0,7.3,4.8,6.9,8.4,7.3,7.1,5.9,6.0,6.3,68.9
4.06,46.1,2,1,3.2,2.5,3.4,1.5,1.2,2.6,4.2,2.7,2.1,1.9,4.0,32.0
9.3,98.2,9,5,9.2,8.9,10.0,10.0,7.0,8.6,9.3,8.5,8.4,7.8,10.0,94.4
7.64,64.6,3,2,7.1,4.3,6.8,4.3,7.5,5.3,5.2,6.1,4.7,6.3,6.8,59.9
7.97,88.5,6,4,7.2,6.6,7.0,7.0,6.7,8.7,8.4,8.4,8.3,6.8,7.3,80.4
4.67,43.1,2,0,3.7,4.2,4.2,2.9,4.4,5.3,3.3,3.2,3.2,3.7,4.1,37.3
7.43,71.5,2,2,5.1,5.6,5.2,5.4,2.8,3.2,5.3,6.4,3.3,3.0,3.4,54.6
9.0,94.0,7,6,9.8,9.7,8.4,7.8,8.9,10.0,10.0,10.0,9.6,10.0,10.0,94.7
8.23,79.1,3,2,7.3,7.9,8.3,5.4,6.4,6.5,8.9,6.2,8.4,7.0,8.5,72.1
6.25,47.9,2,1,5.2,3.5,2.0,2.4,3.4,3.7,2.3,5.0,5.1,5.4,5.3,43.1
8.19,85.3,4,3,7.7,5.4,8.3,5.4,6.5,5.5,8.1,8.5,7.2,6.9,7.7,72.5
8.45,86.2,6,4,10.0,8.5,8.9,6.5,6.4,7.1,10.0,8.8,8.9,8.9,9.0,86.2
9.72,95.5,5,6,8.8,8.7,7.7,8.6,8.2,10.0,10.0,8.0,10.0,7.9,9.7,90.4
8.28,89.0,6,2,6.6,7.1,8.1,7.2,9.5,6.3,9.6,6.7,7.2,8.2,6.6,78.4
4.65,36.1,2,0,4.4,5.7,2.4,4.0,2.7,2.2,4.3,2.6,4.2,3.9,3.6,37.2
7.45,52.2,2,2,5.5,4.4,7.2,6.3,4.8,5.4,7.0,7.5,7.0,5.7,6.8,61.2
4.31,26.1,2,1,1.3,3.6,3.2,0.5,3.2,0.6,0.4,2.8,1.6,2.7,1.7,24.0
6.84,58.6,4,2,3.4,5.0,7.0,6.1,5.9,3.3,5.4,6.0,5.7,5.0,3.9,59.7
9.32,88.3,7,4,10.0,8.1,9.9,10.0,9.9,9.6,9.9,8.0,9.2,10.0,9.8,95.1
8.02,76.5,4,4,7.7,6.4,7.3,10.0,8.4,8.5,9.9,7.3,7.1,7.7,9.3,85.4
9.34,88.1,4,6,7.3,6.3,9.3,7.9,8.9,8.3,6.6,9.0,8.1,7.4,6.9,82.9
7.82,87.5,3,2,6.7,8.0,7.0,4.8,6.6,7.3,5.9,7.5,6.6,7.5,5.6,67.6
4.37,43.9,0,1,2.0,2.1,1.8,1.5,3.1,0.0,0.9,0.0,2.2,0.0,1.4,23.0
6.92,66.1,3,2,7.4,8.2,7.0,6.1,5.1,5.8,6.2,8.1,6.9,6.2,5.9,64.1
5.73,39.4,0,0,3.6,3.1,2.6,2.4,3.0,4.6,4.4,2.9,1.9,4.4,3.9,33.1
7.23,51.2,2,1,3.9,3.6,5.5,3.0,3.2,4.7,2.3,2.9,2.8,2.9,5.1,44.0
5.65,28.2,2,1,4.0,2.7,2.0,1.7,4.5,2.3,3.3,4.1,3.7,3.3,3.8,34.7
8.43,89.8,3,3,6.3,6.1,7.8,7.6,7.7,7.4,7.3,7.8,6.2,6.3,8.1,73.7
8.1,83.7,6,4,6.5,6.8,10.0,8.6,7.7,7.9,7.5,10.0,9.2,9.2,9.1,89.5
4.84,34.1,0,0,2.4,0.1,3.1,2.5,0.3,1.8,2.6,0.4,1.8,3.2,2.9,24.9
7.5,63.1,4,2,3.1,4.6,6.4,4.1,4.1,3.9,3.5,5.7,4.8,5.9,5.8,56.8
8.69,82.0,3,2,9.4,8.7,6.5,8.1,7.4,6.6,9.5,7.5,8.3,7.3,7.8,77.5
7.03,55.0,3,1,6.5,8.2,6.4,5.3,6.4,5.4,7.6,7.7,7.2,7.4,6.6,63.0
9.5,97.2,7,5,7.6,7.5,9.3,9.3,7.0,7.6,9.5,7.4,9.6,8.9,7.3,91.7
7.03,52.8,3,1,6.5,7.9,4.1,6.8,6.5,6.5,6.7,6.2,7.4,6.6,6.2,62.9
9.29,95.2,6,3,10.0,7.7,8.6,9.3,7.0,8.8,8.7,9.9,8.8,8.2,9.8,89.5
7.19,59.8,3,1,5.6,3.2,5.1,3.5,3.0,6.6,3.3,4.7,4.4,3.8,4.6,51.2
6.1,35.4,1,1,1.9,0.6,3.0,2.0,0.1,1.8,1.7,2.5,2.9,0.7,0.7,29.2
8.23,80.0,3,4,8.4,7.1,5.5,5.1,7.3,7.8,6.8,7.8,8.3,8.0,6.9,74.5
8.62,89.0,3,3,7.8,7.8,9.5,9.0,10.0,8.8,8.6,9.0,7.0,7.5,8.2,82.6
8.31,86.2,4,3,6.9,8.1,7.5,6.6,8.0,7.1,7.6,5.8,6.0,7.1,6.8,73.8
9.31,88.9,6,5,8.4,9.1,10.0,8.5,10.0,10.0,9.0,10.0,10.0,9.9,9.6,93.4
7.29,72.0,3,2,4.5,4.7,3.5,6.6,3.5,3.3,6.3,5.1,3.6,3.7,5.9,57.6
8.05,84.2,5,3,8.5,8.0,6.3,5.4,6.3,7.1,6.5,8.7,8.5,8.6,6.7,76.5
7.21,73.7,4,1,6.5,5.1,7.1,7.9,8.3,5.9,5.5,6.2,6.2,7.1,6.1,70.0
6.7,66.8,3,1,8.0,4.3,4.9,6.1,5.4,8.2,4.4,7.3,6.6,6.4,4.9,61.7
7.7,58.9,3,1,7.6,4.5,6.6,4.7,5.1,5.4,4.1,6.9,6.6,5.5,5.4,59.4
7.31,53.7,2,2,2.8,4.6,3.9,3.9,3.9,5.5,4.7,6.1,3.9,5.6,4.0,53.8
7.92,77.5,5,2,7.2,7.1,5.6,7.6,7.4,7.8,5.4,5.1,6.9,7.1,7.5,75.7
7.42,54.2,3,1,5.1,6.0,6.7,6.2,8.4,5.6,5.9,7.1,6.8,5.9,5.5,61.7
7.19,51.9,2,1,6.9,4.9,5.6,7.0,6.6,4.9,5.2,7.3,7.5,5.1,5.7,58.5
8.76,77.3,5,2,5.5,8.0,6.0,6.4,8.0,5.3,5.4,5.1,6.9,8.3,5.8,74.3
9.61,95.6,8,3,9.9,9.8,10.0,8.0,9.3,9.4,9.8,8.6,10.0,9.3,8.7,93.5
7.96,78.1,4,3,6.7,7.5,6.3,8.6,8.7,9.6,6.4,7.1,7.4,8.7,7.9,80.9
5.85,31.9,1,1,3.7,1.3,2.2,0.5,1.3,0.9,3.5,0.0,1.0,0.7,2.9,27.2
7.03,61.2,3,1,6.2,5.1,6.1,8.5,6.1,5.9,6.7,8.7,5.6,6.6,5.9,64.9
7.91,85.0,5,2,8.3,6.6,6.0,7.8,6.2,7.1,7.4,6.7,7.3,6.2,6.4,75.7
4.62,26.7,1,0,3.9,1.3,1.3,0.7,1.5,4.2,0.7,1.2,3.2,3.4,2.4,26.0
8.19,77.4,6,3,8.6,5.4,6.2,7.8,7.0,6.6,6.2,8.2,6.9,8.3,8.7,81.2
7.01,71.2,4,1,3.9,6.1,4.8,5.3,6.0,6.5,6.2,6.1,6.4,5.3,4.2,59.2
5.62,32.7,1,0,1.8,2.1,1.0,1.8,0.2,0.0,2.4,1.1,1.7,0.3,1.3,23.7
7.59,57.8,4,2,6.4,7.0,4.6,8.3,6.6,5.3,6.6,6.9,5.9,5.1,7.8,65.1
6.64,62.3,3,2,7.1,4.3,6.5,6.3,6.5,5.4,8.0,6.9,7.1,5.6,6.2,63.3
8.07,77.8,5,4,8.9,7.0,7.9,8.7,7.5,8.2,6.1,8.7,7.9,6.4,7.1,83.0
6.52,56.6,3,2,4.3,7.2,6.5,4.9,4.5,6.7,4.5,4.3,5.8,4.1,4.8,55.1
7.83,76.2,3,4,7.0,7.3,7.7,6.5,9.1,9.1,7.7,6.8,6.8,6.7,5.6,73.2
5.8,38.1,1,0,2.6,3.9,2.1,4.9,4.3,4.8,3.5,3.3,4.2,5.2,2.4,41.0
7.62,62.0,4,1,5.0,5.9,5.8,2.3,3.5,2.8,5.0,2.8,3.6,4.3,3.5,50.3
5.5,22.7,1,0,0.3,2.0,1.8,1.2,3.0,1.6,0.0,0.1,1.8,0.0,2.1,19.9
8.53,76.5,3,3,7.4,9.1,9.8,7.0,8.8,8.7,7.8,7.7,7.5,6.5,6.8,75.8
8.27,77.2,6,2,6.6,6.9,5.7,6.8,7.0,8.6,8.7,6.0,7.2,8.5,8.2,78.4
9.22,97.4,8,4,8.2,10.0,8.8,8.6,8.8,10.0,8.4,8.0,8.2,8.8,10.0,94.4
8.47,78.5,3,4,7.5,6.2,8.6,6.7,7.4,8.2,8.5,9.3,8.7,7.6,7.3,79.4
7.3,53.1,4,2,5.2,5.8,4.7,6.4,5.5,6.6,5.2,7.6,6.7,4.7,6.4,62.6
6.83,67.2,3,1,6.8,7.7,6.5,6.5,6.9,6.4,7.0,5.2,6.2,4.8,4.7,61.7
4.25,27.8,2,1,2.2,1.5,1.5,0.0,2.5,3.3,2.2,3.0,1.1,2.7,0.9,24.0
6.63,73.0,4,2,2.5,4.4,5.1,6.2,6.0,3.8,4.0,2.8,3.9,3.5,5.4,57.1
9.39,96.7,5,6,9.9,7.8,8.9,9.1,8.7,8.1,7.2,10.0,7.6,7.4,8.1,90.9
6.45,37.7,2,1,1.4,1.3,1.2,3.7,4.4,3.2,1.8,2.4,3.3,1.9,1.7,37.9
9.48,99.8,9,6,7.2,9.6,6.8,8.8,9.9,7.0,7.2,7.0,9.0,7.5,9.4,92.5
4.62,46.7,2,0,1.9,3.0,2.5,1.3,1.2,1.5,4.6,4.5,3.3,1.8,3.1,31.0
9.24,95.5,7,4,8.3,8.4,7.7,9.9,10.0,8.2,8.3,10.0,10.0,9.7,9.9,96.5
7.01,72.9,4,1,3.9,3.1,2.9,2.6,6.0,3.7,5.8,4.6,4.9,4.3,4.0,52.2
7.33,62.4,4,1,6.6,4.8,7.7,6.8,7.5,8.0,5.3,6.7,6.8,5.7,7.6,66.8
7.75,68.1,4,2,6.6,6.6,6.9,6.0,5.4,6.7,7.5,4.8,5.3,5.1,7.1,64.8
8.43,82.1,4,2,8.4,9.1,9.5,7.6,8.2,6.8,8.3,6.7,8.0,7.0,7.8,78.2
6.85,74.2,2,1,2.6,3.7,6.4,2.5,4.2,4.0,5.1,5.1,5.0,5.0,5.0,50.8
9.71,88.5,4,4,10.0,7.2,9.7,8.4,10.0,9.4,8.0,8.2,8.7,8.6,10.0,89.1
7.91,76.6,5,3,6.4,9.1,7.7,8.7,5.8,6.1,7.6,7.8,6.7,7.0,6.1,78.4
7.8,75.7,3,3,4.7,6.6,7.8,5.9,5.2,8.1,5.1,6.2,5.8,7.9,5.1,68.4
4.61,32.4,2,1,0.7,0.0,2.4,2.4,2.7,2.0,0.6,2.8,2.4,3.1,1.6,28.5
8.78,88.1,6,3,7.4,6.3,5.2,7.3,8.0,5.3,6.9,8.8,8.1,8.3,8.1,82.4
4.95,44.6,1,1,1.5,3.1,3.3,0.6,1.6,3.8,2.4,2.5,2.7,1.4,3.2,27.7
7.99,77.0,6,4,9.3,9.0,9.5,9.6,7.7,8.3,7.3,9.4,8.8,8.1,8.9,87.5
7.56,64.2,4,1,3.0,4.9,5.5,3.3,2.6,4.1,3.7,3.0,4.1,4.9,3.2,52.7
6.95,68.7,2,2,7.3,5.6,5.4,6.0,5.9,7.6,6.6,8.2,7.6,8.0,5.8,66.0
8.19,85.2,3,3,7.9,6.8,6.2,6.6,5.5,7.0,8.7,8.7,8.9,8.7,6.4,75.6
7.05,59.0,3,2,5.8,7.1,5.4,7.6,8.3,6.6,6.6,5.2,6.1,5.1,6.7,64.7
6.09,44.4,1,1,2.4,3.4,2.2,2.4,1.5,0.7,0.7,3.1,3.3,2.1,3.5,32.8
7.09,62.8,4,1,5.1,5.1,5.8,7.9,4.8,7.0,7.5,7.1,4.9,5.0,7.1,64.8
8.25,85.7,4,2,7.2,6.2,10.0,8.0,10.0,8.7,6.4,6.7,7.7,7.7,8.7,80.4
7.14,55.3,3,2,6.7,5.7,4.9,4.1,3.2,3.7,6.0,4.7,6.6,5.2,5.3,56.6
6.9,56.3,4,2,5.7,5.5,4.3,6.0,4.4,6.4,4.6,4.0,3.8,6.2,5.9,58.5
5.94,38.8,0,0,3.4,0.8,0.9,2.2,3.0,1.4,0.9,3.7,3.3,3.0,3.3,31.2
7.48,53.5,4,2,4.5,3.1,5.7,4.8,3.1,4.2,6.0,5.2,3.7,5.0,5.3,54.1
7.03,57.6,2,1,5.3,7.3,4.8,5.6,4.9,6.1,5.5,7.2,7.5,5.7,5.6,57.4
7.66,62.4,4,2,6.4,6.4,7.0,5.6,4.2,3.8,4.5,5.9,4.6,7.0,4.9,61.7
4.45,20.4,2,0,2.1,4.9,2.6,2.2,2.7,1.5,5.0,2.0,4.0,2.0,4.7,31.7
6.21,44.3,2,1,2.4,4.8,4.5,3.7,3.8,3.5,5.4,2.3,4.1,3.3,5.2,42.9
8.77,75.6,6,4,8.1,5.9,8.8,7.8,7.3,6.6,8.0,6.7,5.6,7.4,6.0,79.3
8.66,82.2,6,4,8.3,8.7,8.0,6.1,8.6,8.8,7.6,6.9,8.7,7.5,8.7,82.9
7.48,50.8,4,1,5.1,5.7,5.7,4.8,3.2,5.7,3.5,5.8,4.8,5.7,3.4,56.4
8.07,85.0,6,2,7.1,7.2,9.6,8.0,9.0,8.8,8.7,7.6,7.9,7.7,8.7,81.9
8.0,85.1,6,3,5.2,7.8,9.0,7.6,5.9,6.1,7.3,6.8,7.4,7.8,5.9,81.3
8.51,83.7,3,2,10.0,6.7,9.8,7.8,6.4,9.1,8.8,7.9,7.5,7.1,7.9,77.9
7.16,74.2,3,2,6.3,4.6,6.4,6.3,5.5,6.4,6.5,6.3,5.7,5.3,6.1,62.6
8.08,83.4,6,4,7.4,6.2,8.8,6.0,8.2,7.5,9.0,8.5,8.3,8.2,7.3,81.1
9.13,93.4,9,4,8.3,7.7,8.9,9.4,9.0,7.8,10.0,10.0,8.1,9.7,10.0,94.8
7.19,57.6,3,1,5.5,5.3,4.7,6.7,6.6,6.0,4.2,3.5,5.9,4.6,6.7,59.5
7.88,76.6,4,3,6.1,8.0,6.8,8.9,9.3,8.1,6.6,6.1,8.3,7.3,6.6,80.3
9.02,88.3,5,3,8.1,6.2,8.8,8.9,10.0,6.6,8.4,6.7,6.8,9.2,9.1,87.1
7.41,63.9,3,1,7.6,5.1,7.3,4.8,6.7,5.0,7.6,5.8,5.5,7.8,5.1,60.0
8.68,79.8,6,3,8.0,8.6,8.6,7.6,6.7,8.3,6.1,9.4,6.9,8.2,8.9,85.0
8.55,82.8,5,4,6.4,9.1,8.2,8.9,9.8,9.3,7.8,8.3,9.7,7.5,9.4,87.4
9.54,99.2,5,5,6.9,10.0,8.2,7.1,10.0,8.3,7.4,6.8,8.5,7.6,7.6,86.7
7.32,63.2,3,1,3.1,3.7,4.5,2.7,4.5,5.8,5.5,4.8,3.1,4.5,4.1,49.1
6.83,59.3,4,1,4.9,3.3,3.9,3.9,3.1,5.1,3.4,4.9,3.7,4.4,4.0,48.9
6.67,70.5,2,1,5.3,8.6,7.1,7.2,7.2,6.4,5.6,8.3,8.4,7.3,5.5,65.5
6.48,22.2,2,0,1.7,3.0,0.7,0.5,1.7,2.0,0.4,0.0,2.1,0.8,2.4,25.2
8.93,99.5,8,6,9.4,8.3,8.0,10.0,9.0,10.0,9.6,7.9,8.6,8.0,9.2,97.2
7.52,53.0,3,2,4.7,4.8,2.8,6.0,3.6,3.1,5.8,2.9,5.1,3.0,5.7,55.0
5.45,47.1,1,1,0.9,2.2,0.9,1.9,0.1,0.7,0.8,0.2,0.4,0.4,0.1,26.0
6.76,65.8,3,2,7.3,6.2,4.8,6.3,5.6,4.3,5.4,5.9,6.6,5.1,5.7,61.1
7.57,69.0,2,1,5.5,5.1,5.8,8.7,5.8,5.1,5.1,8.1,8.3,6.3,6.7,67.8
5.23,40.9,1,0,3.5,3.2,0.1,1.7,0.4,1.3,1.4,2.4,1.7,1.2,1.0,24.1
7.97,81.4,3,3,8.3,7.8,7.8,6.6,4.9,8.7,6.6,6.0,7.9,6.6,5.5,71.3
8.35,80.1,6,4,7.7,5.3,6.7,5.3,5.4,5.9,7.9,6.8,8.0,7.8,6.3,77.2
6.41,20.2,1,1,5.0,2.6,3.3,3.8,1.8,1.7,3.0,4.3,4.1,2.8,3.4,36.7
5.37,23.5,0,1,0.5,3.0,1.9,1.4,0.9,0.4,0.1,3.0,1.4,1.3,0.3,22.7
6.36,29.4,2,0,3.0,2.5,0.8,3.7,3.3,0.9,2.9,1.5,2.0,1.3,2.0,31.3
8.16,89.3,4,2,9.3,7.6,9.9,8.9,6.8,8.7,9.3,7.4,7.0,8.0,6.9,82.7
5.88,48.1,1,1,0.0,1.7,2.4,2.0,0.6,2.9,0.7,0.0,0.4,1.0,2.0,28.9
7.4,57.1,2,2,6.4,4.8,5.3,6.1,7.0,4.3,4.8,6.1,6.9,5.2,6.4,57.8
6.12,38.9,0,0,2.9,2.5,3.1,2.5,2.2,2.2,1.3,3.4,3.3,1.7,2.3,27.7
7.88,83.9,5,2,6.1,9.6,9.1,8.3,7.0,6.7,8.4,6.0,6.5,7.1,9.1,79.6
7.22,67.6,4,1,6.5,4.5,5.2,4.3,3.9,6.5,4.9,3.7,5.4,4.7,4.9,56.3
7.71,67.1,3,2,4.1,4.9,3.3,4.6,6.4,3.7,5.3,6.2,4.5,5.0,5.0,57.2
5.01,30.3,0,1,2.6,0.6,1.2,4.2,1.7,0.5,3.4,2.3,3.7,1.7,2.2,29.8
8.16,76.6,4,2,9.5,8.6,8.3,7.5,6.8,10.0,9.0,8.5,7.0,7.5,7.1,76.6
7.48,52.8,4,2,6.9,5.6,7.4,5.6,6.5,6.2,8.1,5.5,6.4,5.3,5.2,61.9
6.89,65.3,3,2,3.9,3.8,5.9,4.6,2.5,5.9,3.4,2.9,5.2,3.9,5.1,53.8
6.51,62.4,2,2,2.8,4.2,5.1,4.3,4.7,5.0,3.1,6.1,4.9,4.7,4.8,52.6
6.56,69.6,2,1,4.5,7.6,4.8,6.8,4.4,5.0,6.6,6.1,7.2,6.4,7.3,61.0
4.22,45.2,1,0,3.2,2.4,1.8,1.7,4.2,1.8,5.2,3.0,3.1,3.3,4.9,32.7
9.59,98.6,8,3,7.0,9.1,9.9,9.3,10.0,6.7,7.8,8.2,9.2,8.0,7.9,93.3
7.15,73.8,2,2,5.2,6.9,7.3,7.7,6.7,6.6,5.4,7.6,7.3,6.9,4.8,64.8
6.69,55.8,3,2,5.4,5.2,5.4,8.0,7.6,7.6,6.1,4.9,7.4,6.2,7.2,66.0
7.24,69.3,2,1,7.4,7.5,6.3,5.1,5.8,5.2,6.7,7.6,8.3,6.4,7.1,62.0
7.92,85.3,3,2,6.3,5.7,9.1,6.8,8.7,7.0,6.5,5.9,8.1,6.2,6.1,71.5
8.01,79.6,3,4,8.2,6.8,9.1,7.2,6.4,9.4,5.6,5.9,8.6,6.1,8.6,76.8
7.84,81.4,3,4,6.3,7.7,8.9,7.3,9.5,6.8,6.2,6.0,6.6,6.5,6.8,76.7
4.55,49.6,0,1,3.3,2.1,2.1,1.9,2.5,2.5,3.3,1.2,2.3,2.9,0.4,28.4
9.0,93.6,6,4,8.8,8.9,10.0,10.0,8.1,9.9,10.0,7.8,8.6,10.0,10.0,94.6
4.4,27.2,0,0,3.7,2.9,4.3,1.4,1.6,3.4,1.0,0.7,2.4,3.5,3.4,25.0
9.39,89.2,4,4,8.5,8.8,10.0,9.1,7.3,10.0,10.0,10.0,8.8,9.3,10.0,90.5
9.67,92.9,6,4,8.6,8.9,10.0,10.0,9.5,9.3,9.2,9.3,9.0,9.1,9.0,96.7
4.6,24.6,0,1,1.7,3.8,4.3,2.4,2.6,5.0,2.9,3.7,2.3,2.5,3.7,29.2
6.88,51.7,4,2,5.9,7.6,7.7,6.9,5.4,7.3,7.8,7.3,7.4,7.8,7.0,67.2
4.29,21.4,2,1,1.0,2.9,3.9,3.7,3.3,2.5,2.3,2.9,3.6,3.3,2.5,32.1
7.5,62.9,3,2,6.4,5.2,4.6,4.4,7.1,4.5,4.6,7.6,4.7,5.0,7.1,58.7
8.13,76.3,5,3,8.7,9.2,7.3,8.5,6.2,6.7,8.2,6.2,7.4,7.6,8.3,80.5
6.15,33.4,0,0,3.0,4.7,3.9,3.0,1.8,4.3,3.8,5.5,4.4,3.5,2.3,34.3
9.88,94.6,7,4,7.7,10.0,7.4,8.8,7.5,9.1,9.0,9.1,9.3,9.2,7.3,92.6
6.59,70.9,3,2,2.7,4.8,4.2,5.7,3.5,5.8,3.5,4.8,4.7,5.7,4.7,56.3
6.13,36.7,1,1,2.3,0.8,2.6,3.3,0.1,0.5,0.6,1.6,2.4,2.4,1.7,32.5
8.24,76.9,4,3,5.7,7.7,6.8,9.0,7.5,9.6,5.8,6.9,6.9,7.6,8.9,80.2
8.46,81.6,4,3,6.7,7.7,9.2,7.7,7.5,8.8,6.6,6.3,8.9,8.2,6.9,79.2
6.18,42.3,0,1,1.8,3.5,2.3,3.9,4.9,4.6,3.8,3.1,4.2,2.2,2.5,38.2
8.22,87.6,5,3,6.9,8.0,8.0,9.1,8.6,8.2,9.2,7.0,9.4,9.3,7.4,87.0
6.01,38.5,1,1,1.2,0.0,1.8,0.0,0.1,2.4,0.8,0.0,1.8,1.6,0.7,23.2
4.19,31.8,1,1,1.3,2.0,1.7,1.1,2.5,2.5,2.1,0.0,2.9,2.0,2.0,26.2
5.51,34.5,0,1,1.5,1.4,1.2,0.8,0.6,1.1,2.2,3.2,1.6,0.8,1.2,23.8
7.96,79.4,6,2,8.4,9.8,9.7,8.2,8.0,6.7,7.7,7.4,8.9,7.8,6.7,82.5
5.69,36.5,2,0,1.0,0.2,1.6,2.9,1.8,2.9,2.7,0.6,1.9,3.4,2.8,31.7
8.13,89.9,6,3,4.8,7.4,5.3,7.6,8.2,7.0,7.0,6.3,7.6,7.0,6.1,79.8
7.19,70.6,2,1,5.5,7.3,6.9,6.7,5.4,7.5,8.9,7.5,5.7,8.1,7.9,66.3
7.73,66.2,4,2,5.6,2.9,5.2,3.9,3.9,5.6,4.1,3.4,5.8,4.6,4.9,57.3
4.96,48.3,2,0,1.3,2.9,2.6,2.8,3.8,1.7,4.3,1.4,2.5,1.8,1.3,32.4
9.27,99.6,7,6,9.2,8.9,9.2,9.3,6.6,6.8,7.8,10.0,7.2,8.8,7.8,93.8
7.36,61.7,4,2,7.0,5.2,5.4,6.0,5.1,8.2,6.8,7.2,6.3,7.3,5.9,64.2
6.57,65.2,2,1,3.6,5.4,5.2,4.7,2.6,6.0,4.0,5.2,3.9,4.7,4.5,49.7
7.09,55.1,2,2,5.4,6.0,6.5,6.8,5.0,5.9,7.6,6.2,5.7,6.4,5.3,61.0
5.44,40.6,2,0,0.0,1.9,2.9,1.4,2.7,1.5,2.2,1.4,0.7,1.6,1.2,26.4
7.17,71.5,4,2,6.8,5.4,5.0,4.5,4.7,7.7,7.4,6.7,5.2,4.8,4.5,60.5
7.8,67.4,3,2,4.6,4.0,5.6,5.1,6.7,5.8,5.7,5.3,5.4,5.8,4.7,60.1
6.95,58.2,4,1,7.8,5.3,4.9,7.3,5.1,4.5,6.8,6.8,5.4,5.0,7.0,61.5
4.98,21.9,0,1,2.3,2.7,1.6,1.3,2.0,2.2,2.1,2.2,0.7,2.1,1.3,20.9
9.53,99.5,6,4,7.5,10.0,8.8,9.0,9.0,8.3,9.1,7.4,8.3,9.6,7.7,93.6
9.71,99.8,9,5,7.6,7.1,10.0,8.6,8.8,7.4,9.3,6.9,8.4,10.0,7.8,93.9
6.63,65.1,4,2,7.0,7.0,5.9,5.8,6.4,7.0,6.3,5.2,5.8,6.6,6.9,62.9
8.7,79.3,4,3,8.1,9.3,6.4,7.9,9.4,6.6,8.7,9.0,9.1,9.3,7.5,80.7
6.77,69.1,4,1,7.5,4.9,6.9,8.0,6.5,6.5,5.7,6.3,6.8,6.5,7.8,68.0
7.28,72.4,4,1,6.5,4.8,5.0,5.1,8.0,6.8,7.2,8.5,5.7,6.0,5.8,64.4
7.69,64.4,3,1,4.7,8.0,5.1,6.4,5.9,7.1,7.1,4.7,4.9,5.4,6.8,61.1
4.61,45.7,0,0,3.3,3.5,2.3,1.5,2.0,4.3,4.6,2.1,2.9,4.0,1.6,29.5
7.96,82.3,4,4,7.1,5.4,8.8,5.4,5.6,5.3,8.1,7.6,6.2,6.6,8.0,74.7
7.48,55.4,3,2,6.0,4.6,7.9,7.0,4.6,5.6,7.0,6.4,6.8,5.1,7.3,62.9
5.99,33.7,1,0,3.7,0.2,3.3,0.2,2.5,1.8,0.5,0.0,0.6,2.0,2.7,24.7
4.55,29.8,2,0,1.4,1.9,2.5,2.3,2.2,0.0,1.3,1.9,1.3,1.8,1.7,24.4
4.8,20.6,0,0,0.5,3.1,0.0,0.3,0.0,2.8,0.6,1.2,2.1,1.5,1.7,20.8
9.13,92.3,6,5,8.0,10.0,9.7,10.0,9.5,10.0,7.8,10.0,9.6,10.0,8.0,94.4
9.3,92.3,4,4,9.1,9.8,8.6,9.7,8.3,6.8,8.7,6.7,9.5,9.6,7.8,88.9
7.13,64.9,3,1,3.4,6.8,4.0,3.5,4.1,4.7,3.5,5.8,5.9,6.4,4.3,55.2
5.98,38.0,0,0,2.4,2.1,0.1,1.9,1.0,0.7,0.0,0.7,0.6,2.6,2.5,24.4
5.29,26.8,0,0,3.1,1.2,3.1,3.5,1.4,1.8,2.6,1.3,1.3,2.5,2.7,25.7
8.68,80.6,6,4,5.6,7.6,7.9,7.3,7.0,7.5,4.9,5.5,5.4,7.4,5.6,77.6
5.4,32.3,2,1,1.2,3.8,2.0,1.3,3.7,4.9,4.5,2.9,4.1,4.0,4.3,37.4
7.76,74.9,3,2,5.6,5.0,3.0,3.6,5.2,5.5,3.4,3.7,4.4,4.7,5.3,55.4
7.56,63.3,3,2,3.9,5.0,3.1,5.3,3.8,3.9,6.3,5.8,6.2,3.8,4.8,58.5
8.42,79.4,4,4,5.4,5.4,9.1,5.9,7.9,6.1,6.6,7.5,7.7,6.6,7.4,74.6
9.7,91.9,9,4,10.0,10.0,8.2,9.3,10.0,8.2,10.0,10.0,8.8,9.4,10.0,96.6
7.58,52.8,2,2,6.5,6.6,7.1,7.2,7.6,5.5,7.4,8.5,7.1,8.2,7.5,66.0
6.12,32.4,0,0,1.5,2.7,0.8,1.0,0.0,0.4,2.0,1.8,0.0,1.6,0.4,22.4
6.89,58.1,4,2,4.7,5.6,5.3,4.1,4.7,5.5,4.5,6.8,4.8,6.1,4.5,58.0
9.44,88.5,7,5,7.6,9.3,10.0,7.9,9.5,9.8,8.3,10.0,8.5,9.3,10.0,90.9
8.91,91.3,5,4,10.0,10.0,8.6,8.0,10.0,10.0,10.0,9.2,9.0,9.5,9.0,91.1
6.27,49.9,0,0,3.2,1.6,2.9,0.7,2.2,2.4,0.0,0.2,1.6,0.3,1.3,25.2
7.18,58.3,4,1,6.9,4.7,4.1,7.4,4.8,6.4,6.2,4.8,5.8,4.2,4.9,61.3
8.48,80.3,5,2,6.4,6.5,8.3,10.0,7.9,9.7,8.4,6.9,6.8,6.6,7.7,80.6
4.16,25.4,2,1,0.0,0.6,0.0,1.1,2.9,1.0,2.5,0.5,2.4,0.5,2.1,23.0
8.22,79.5,4,3,8.0,6.1,9.3,8.3,9.4,8.0,6.5,5.7,7.6,7.6,8.5,80.0
9.36,92.1,8,3,8.3,8.9,6.8,8.9,9.9,6.9,9.2,9.2,7.0,8.3,7.8,90.1
8.64,80.4,6,3,6.6,7.5,5.7,6.2,7.9,8.5,7.8,5.4,7.9,8.7,6.6,79.3
8.78,89.4,5,3,6.3,6.9,7.7,5.8,8.2,5.9,7.9,6.3,8.1,8.2,8.0,77.8
6.37,23.9,1,0,1.2,0.0,0.7,2.1,2.3,2.6,2.0,0.0,0.9,2.2,2.4,25.6
6.69,72.5,2,1,5.4,5.2,5.6,3.4,3.2,4.1,2.9,5.8,3.0,4.0,3.7,47.1
9.6,92.2,4,3,8.1,9.5,9.0,10.0,7.7,7.1,7.6,6.7,8.6,8.2,7.0,85.7
5.2,46.6,0,1,1.7,2.4,1.4,4.2,3.2,2.1,4.2,2.7,1.3,1.7,3.9,33.5
9.66,99.1,5,5,7.9,8.2,9.4,7.9,9.9,9.3,7.4,9.2,9.0,7.2,9.3,90.4
6.49,46.2,2,1,0.4,2.4,3.6,1.3,2.5,2.8,0.0,1.7,1.8,2.1,3.1,33.4
9.5,97.2,5,6,8.8,8.8,8.3,8.1,9.8,7.3,9.3,7.8,9.5,8.8,8.3,90.8
8.17,86.0,5,4,7.3,8.0,8.1,7.8,5.7,8.1,5.4,5.7,8.6,7.2,6.1,82.1
9.77,97.1,7,3,10.0,8.3,8.5,9.9,9.5,10.0,10.0,8.7,9.6,9.0,9.5,97.1
6.88,69.2,3,2,5.7,3.7,5.5,5.0,5.9,5.9,6.3,5.7,3.7,4.0,6.7,55.9
7.77,54.6,3,1,4.4,3.5,6.5,3.8,6.1,4.5,3.2,3.4,5.6,4.9,6.2,54.6
7.81,84.3,6,2,8.5,5.2,5.5,6.0,6.8,5.8,7.5,7.3,6.3,7.3,5.9,76.1
7.96,75.8,3,3,7.5,7.3,5.3,5.2,7.6,6.3,5.1,7.6,8.1,8.2,5.4,71.1
9.9,99.3,7,5,10.0,7.7,10.0,10.0,10.0,9.9,8.5,8.5,8.6,8.0,8.6,96.8
6.31,39.9,0,1,3.8,3.8,4.4,4.2,4.4,3.5,3.5,1.8,3.4,3.9,4.4,38.9
7.13,70.4,4,2,7.4,7.7,6.4,6.5,8.5,5.8,6.3,7.8,7.4,5.8,5.8,67.1
5.92,28.9,1,0,1.8,1.7,0.4,0.3,2.4,0.0,0.0,3.0,0.1,0.2,1.0,19.4
6.52,53.7,4,2,4.1,3.5,4.6,5.4,5.8,4.4,3.2,5.7,5.1,4.5,6.2,56.1
7.09,60.2,4,2,5.1,6.9,5.6,4.3,4.2,5.5,6.1,4.9,5.5,5.1,4.5,58.1
6.94,62.5,2,2,5.2,6.8,6.6,6.3,4.8,5.9,6.1,5.4,7.2,5.9,5.4,60.5
8.66,77.5,5,3,5.9,5.5,8.5,7.1,7.1,7.8,6.9,5.1,6.8,8.0,5.9,77.6
8.29,75.6,4,3,6.4,8.9,8.2,9.6,7.5,7.5,8.7,7.7,7.3,9.5,8.9,83.8
6.7,69.6,2,1,5.0,2.8,5.0,3.6,5.1,3.9,3.6,3.0,5.0,4.8,3.2,49.7
9.41,91.0,5,3,9.0,8.4,8.4,6.7,7.4,9.4,9.9,8.6,7.6,7.1,7.7,84.1
4.59,25.8,1,1,0.9,3.7,3.1,4.0,1.0,4.1,3.0,1.3,2.9,3.7,3.5,33.7
8.68,89.1,6,4,6.4,6.2,6.1,6.0,8.9,5.6,7.5,8.9,6.6,6.6,7.7,79.7
8.68,87.8,6,3,6.5,6.5,8.2,9.5,10.0,7.3,7.7,8.0,7.7,9.7,8.3,89.2
7.6,57.8,3,1,5.6,6.2,7.3,5.9,4.7,4.6,7.7,5.6,5.4,7.0,7.9,62.4
7.31,74.1,4,2,5.6,7.0,6.7,7.0,4.9,4.9,7.0,8.4,7.4,5.6,6.2,69.2
6.71,55.3,3,2,3.8,6.7,5.0,4.9,5.2,3.6,4.7,6.0,5.7,4.3,5.3,53.5
8.2,76.0,4,4,9.0,7.9,7.7,6.0,8.7,5.6,5.6,6.9,6.8,8.1,8.2,76.8
8.56,75.7,4,3,7.4,7.3,6.6,6.8,6.8,8.8,5.4,8.8,7.5,6.3,5.9,74.3
5.31,42.8,0,0,0.4,1.7,0.6,2.6,0.1,2.5,1.8,3.0,3.2,0.7,3.4,27.2
6.74,67.0,2,2,7.1,5.0,7.0,6.9,5.6,5.9,7.0,7.3,7.1,7.7,7.2,65.6
9.58,89.0,8,3,6.9,9.1,9.0,9.7,9.6,10.0,8.4,9.6,8.9,9.6,10.0,94.2
8.0,84.0,5,3,7.7,6.8,7.2,7.2,8.9,7.9,7.1,6.9,5.8,6.3,6.5,77.4
4.89,20.8,0,1,4.1,1.3,0.9,0.7,4.6,2.8,3.1,3.6,4.0,3.4,3.2,28.3
6.64,64.3,4,2,4.4,5.5,6.8,5.7,3.8,3.9,6.4,5.0,6.7,6.9,5.0,61.5
7.5,57.2,3,2,5.7,5.6,5.9,7.1,3.6,5.1,5.2,5.3,4.5,4.7,5.4,60.1
4.05,36.9,0,0,1.8,2.7,4.2,4.3,1.4,2.8,1.0,2.0,1.4,1.9,3.7,30.5
5.58,37.8,2,1,0.1,1.5,1.1,0.0,2.1,0.0,3.1,1.0,0.8,0.2,1.3,24.4
7.41,74.2,3,2,6.9,3.4,6.2,5.2,3.9,4.2,4.8,4.6,4.1,6.6,3.9,60.8
7.87,82.0,3,4,8.0,7.7,6.3,7.1,6.4,5.7,5.6,7.1,5.7,6.5,5.8,72.3
6.7,72.2,3,2,6.2,5.1,4.6,4.7,6.1,8.0,5.4,6.9,7.0,7.2,7.3,65.1
7.62,50.4,2,2,3.3,4.9,2.8,5.4,6.0,2.4,4.3,4.8,5.6,5.5,3.8,54.8
6.6,56.4,4,2,4.7,3.0,5.1,6.1,2.3,2.7,5.5,3.7,4.9,3.1,4.7,53.6
6.8,63.6,4,1,5.6,3.9,6.2,2.8,5.5,2.8,5.3,5.3,4.7,3.6,4.9,52.7
7.62,63.8,4,1,4.8,5.7,3.2,5.9,3.5,5.3,3.8,5.9,6.5,6.7,6.5,61.1
7.16,54.4,4,2,4.5,8.0,5.7,7.4,7.1,7.0,5.9,6.9,7.4,7.7,5.8,68.2
8.97,89.0,6,4,7.9,10.0,6.9,8.0,9.2,9.3,10.0,8.9,8.9,9.0,9.6,92.1
4.58,48.5,0,0,3.1,1.2,1.6,1.6,0.0,0.2,0.0,0.0,0.3,1.2,1.7,22.4
7.84,81.4,4,3,8.6,6.8,7.2,6.4,6.3,8.3,4.8,6.8,8.0,7.4,5.4,75.0
7.55,74.0,4,1,3.6,3.5,5.8,3.5,3.8,4.0,7.1,4.8,6.6,4.7,5.0,58.1
6.74,53.6,2,2,7.9,5.2,6.2,5.7,5.9,7.5,6.1,7.8,6.3,8.0,7.9,61.6
9.67,95.9,9,5,10.0,10.0,10.0,9.3,10.0,10.0,10.0,9.7,9.1,8.3,10.0,96.5
6.89,53.7,2,1,4.5,7.0,4.8,7.9,7.7,6.1,7.3,4.6,7.3,5.1,5.1,61.5
6.58,69.7,2,1,4.9,3.8,6.9,3.8,6.1,5.5,5.3,6.3,5.0,5.6,6.0,54.1
4.02,30.3,0,1,4.3,1.5,2.6,1.8,2.4,1.5,3.4,1.7,1.4,3.4,2.0,25.4
7.66,62.4,3,1,6.2,5.2,4.9,7.0,5.5,6.2,6.6,4.7,4.3,6.7,7.1,61.2
8.65,84.4,4,3,8.9,7.5,7.9,9.1,10.0,7.1,9.2,6.6,8.5,6.9,8.1,82.9
5.01,21.2,1,0,4.4,3.4,4.5,3.5,4.3,3.4,3.8,3.8,3.0,2.1,2.2,33.1
7.4,72.7,4,1,5.1,6.0,7.5,7.7,7.6,7.6,7.7,4.9,7.6,6.3,6.5,68.2
7.05,62.9,3,1,5.7,7.4,5.7,5.5,4.4,7.2,4.8,6.5,6.2,5.1,5.7,56.7
8.14,82.9,5,3,8.4,6.6,7.1,7.4,7.5,9.3,8.4,8.0,6.5,7.8,8.8,79.8
6.69,74.6,2,2,5.7,5.7,8.6,6.2,7.4,5.3,6.1,4.8,6.6,6.4,7.5,65.2
7.78,54.5,3,1,7.3,4.4,4.1,5.0,4.3,6.4,4.7,6.4,4.3,5.2,5.5,56.1
6.74,74.1,3,2,4.5,4.9,6.1,5.2,6.4,4.8,6.8,7.6,5.6,5.8,5.2,61.5
7.35,53.0,4,1,7.2,7.6,7.5,6.9,4.7,5.4,5.8,7.3,8.0,7.3,6.6,64.5
7.04,57.5,2,2,4.9,6.4,8.1,6.2,5.8,8.8,5.7,6.3,6.6,5.9,6.0,62.4
9.74,90.4,7,6,9.4,10.0,10.0,9.0,7.9,9.8,8.7,10.0,10.0,9.2,8.4,93.7
8.59,89.4,4,4,7.6,8.3,7.8,4.9,6.4,6.5,7.6,6.3,6.9,6.7,6.1,75.4
5.02,21.6,0,1,3.0,1.8,3.6,1.7,1.8,2.5,3.6,4.2,1.6,1.5,2.8,24.6
6.64,74.1,2,1,7.6,5.5,7.4,5.0,4.1,5.0,5.1,5.4,4.5,7.2,5.0,57.9
5.32,36.1,1,1,2.0,3.0,0.4,3.4,3.1,1.4,1.7,4.3,1.4,1.0,3.4,30.9
8.27,82.7,4,2,9.1,8.0,7.3,6.6,9.2,9.0,10.0,7.7,8.3,7.6,8.0,79.3
8.2,77.8,3,4,8.4,6.0,8.2,8.9,6.5,8.1,7.6,8.5,6.8,7.5,7.6,78.1
5.48,33.3,1,0,2.8,3.2,3.6,1.8,3.0,1.2,3.1,1.7,2.8,1.6,2.1,27.0
8.31,89.0,4,4,8.0,9.8,6.9,6.6,9.4,6.2,8.1,8.1,7.5,9.2,8.0,83.4
6.77,60.4,2,1,5.3,7.4,8.2,7.6,6.9,4.7,6.2,5.3,5.4,7.7,5.7,60.5
8.21,75.2,3,2,7.4,8.6,8.6,6.8,6.6,6.8,9.3,6.2,7.9,9.2,7.0,75.4
7.01,64.7,2,2,5.6,6.4,5.1,7.6,5.6,8.6,5.7,8.4,6.0,7.3,6.2,66.3
7.38,64.7,4,2,5.1,4.1,6.9,4.1,5.2,5.4,4.7,6.3,7.1,6.5,6.7,64.4
7.49,62.1,2,2,4.5,5.7,5.7,2.7,3.9,4.6,3.9,5.2,4.1,3.5,5.5,50.2
8.04,83.0,5,2,7.8,8.2,8.0,7.6,7.5,6.3,9.1,7.2,8.4,6.9,6.2,78.3
7.09,63.3,2,1,6.1,7.4,5.3,4.2,4.7,5.8,7.0,4.1,4.2,6.1,4.8,53.6
7.47,64.1,4,1,2.9,2.5,2.8,6.2,5.5,4.9,4.8,3.8,4.9,3.3,4.8,55.4
7.58,52.1,3,2,7.1,5.5,7.8,6.5,6.4,7.0,7.2,4.6,5.0,7.5,7.7,64.4
7.4,50.2,4,1,3.9,4.5,4.2,2.7,6.2,5.3,2.7,3.9,5.7,3.5,3.1,50.6
4.91,37.4,1,1,0.7,1.1,2.2,1.6,0.6,2.4,0.4,0.1,2.8,0.6,2.7,25.0
7.63,61.9,3,2,8.2,5.9,5.0,6.7,6.2,5.2,8.7,7.6,7.9,7.8,5.6,66.5
9.24,90.0,5,5,9.9,9.9,10.0,7.6,8.3,10.0,9.6,10.0,8.3,9.9,9.8,90.7
5.28,38.3,0,1,2.5,2.3,0.0,1.9,2.2,0.0,2.5,0.4,2.5,2.2,3.0,25.4
8.22,85.5,3,3,8.4,7.6,10.0,9.7,7.8,7.7,7.8,9.4,9.0,7.9,9.2,85.2
6.66,61.9,4,2,5.7,6.7,6.7,8.1,4.5,5.1,7.9,5.9,6.4,5.3,5.6,67.6
6.86,55.3,4,1,3.9,3.2,4.7,5.9,4.9,4.0,3.3,5.7,3.0,2.8,2.8,51.7
6.8,53.9,4,1,5.5,7.6,4.0,5.4,5.5,6.4,6.5,4.6,5.6,6.9,7.2,59.9
9.86,88.1,9,4,9.2,10.0,9.0,9.0,9.0,8.5,9.1,8.8,7.8,8.9,9.3,94.5
8.22,76.0,6,2,7.1,8.0,9.0,8.1,9.2,10.0,7.8,6.5,8.1,8.6,9.1,82.6
9.15,89.9,6,6,9.2,8.4,7.3,7.6,9.3,8.1,7.2,9.0,9.5,9.2,9.4,89.1
7.2,68.6,3,2,6.2,6.2,7.1,7.8,6.8,4.7,6.0,5.3,7.6,6.0,5.3,67.7
7.35,51.9,3,2,5.4,4.6,4.7,7.4,3.9,6.9,5.0,5.3,6.3,5.4,5.0,60.4
8.78,75.3,6,2,8.3,7.0,8.6,7.9,5.6,8.7,6.7,6.6,7.1,6.2,6.5,77.8
6.47,20.7,1,0,0.0,1.5,2.4,1.1,0.1,2.9,1.0,2.8,1.4,2.0,1.7,24.9
9.71,91.2,8,4,10.0,9.4,8.6,8.7,10.0,10.0,10.0,9.6,10.0,10.0,9.7,94.7
9.71,96.6,8,3,8.8,7.3,9.1,8.5,7.7,8.1,9.5,6.5,9.1,7.2,9.4,89.3
7.45,57.1,4,2,3.0,3.3,4.0,5.5,6.1,3.3,4.0,5.3,5.3,4.8,3.7,56.2
6.71,51.9,3,2,6.2,5.3,4.2,7.7,4.1,6.1,4.1,7.8,5.0,6.0,6.3,61.5
6.94,61.7,3,2,3.5,4.4,5.5,3.0,6.5,4.6,5.7,5.4,4.5,4.3,5.9,52.2
7.67,65.7,4,1,7.5,4.5,6.4,5.9,7.1,4.8,6.0,7.0,6.6,6.9,6.9,65.4
8.65,76.2,5,4,6.6,5.8,8.1,7.0,6.5,7.9,8.0,5.4,7.5,8.3,6.8,79.1
6.8,64.0,3,2,4.6,6.9,5.5,5.8,7.8,4.4,7.3,5.5,7.4,6.5,5.3,63.0
8.51,82.9,5,4,8.2,6.4,7.5,7.1,7.3,8.7,8.5,5.7,8.3,8.3,8.0,82.3
6.82,50.6,3,1,6.8,7.2,7.1,8.3,7.1,7.7,5.1,6.8,5.6,5.7,5.6,61.5
6.92,53.9,4,1,5.1,4.7,5.3,7.1,5.6,6.2,6.5,4.0,5.5,4.2,4.7,58.1
4.99,23.3,2,1,0.0,0.0,1.6,2.7,0.0,0.1,2.0,2.5,2.0,0.4,0.2,23.2
8.49,85.2,3,4,6.5,7.2,9.2,9.6,6.9,6.9,8.1,8.0,8.3,7.5,7.1,83.6
7.64,72.1,2,2,5.2,4.2,2.8,5.4,5.0,2.8,4.3,2.9,4.1,4.4,4.6,53.7
7.33,56.8,2,1,4.4,6.2,3.9,6.3,4.1,3.5,4.7,6.3,5.8,6.2,5.3,55.8
5.55,21.7,2,0,3.8,3.8,3.8,3.4,0.9,1.5,2.6,1.3,4.3,2.7,3.1,31.9
4.72,38.4,0,0,4.4,2.8,2.5,2.1,3.6,1.0,1.9,0.7,1.8,2.4,2.4,27.5
5.47,36.5,0,0,1.5,2.3,2.8,0.4,0.0,1.5,0.0,2.0,0.0,1.2,1.9,20.0
6.78,69.0,4,1,6.6,7.2,7.4,7.1,6.0,6.5,6.4,6.2,5.3,7.4,6.1,66.0
4.22,32.5,2,0,3.5,4.4,1.9,3.5,4.4,3.0,3.5,2.2,3.3,3.6,2.7,32.7
5.93,21.4,1,1,4.0,2.7,1.5,3.0,4.8,2.3,3.3,4.1,4.0,2.7,2.4,34.0
8.35,79.3,3,2,7.9,7.2,8.1,7.7,9.5,9.0,6.8,8.8,9.5,7.6,7.2,78.0
5.52,41.5,1,0,0.3,2.7,2.5,3.5,0.4,0.9,3.1,1.8,1.4,0.8,2.8,29.9
7.09,53.2,4,1,6.1,8.3,5.4,5.5,4.5,6.2,8.0,6.7,5.4,6.2,5.4,61.4
7.96,88.6,5,3,5.2,7.9,6.7,5.7,6.7,7.6,8.7,7.7,8.1,6.5,6.4,75.0
5.63,36.0,1,1,1.9,1.3,3.1,2.6,1.0,2.4,3.4,1.9,3.7,1.0,2.4,31.0
8.39,79.2,4,4,6.4,7.2,6.8,5.7,7.9,7.2,6.0,8.2,8.7,7.2,5.9,75.1
7.26,58.2,4,1,3.0,3.3,5.4,3.0,2.9,6.1,2.2,5.0,2.7,3.4,4.1,47.5
4.34,27.7,0,1,2.9,2.3,2.8,2.6,2.3,4.5,5.8,4.7,2.6,2.9,2.8,31.1
6.77,73.6,3,2,3.5,2.8,5.1,3.6,4.6,5.1,3.2,4.1,3.5,4.5,3.9,49.9
5.01,47.6,0,1,0.6,2.7,3.5,3.2,0.8,0.5,2.0,1.4,1.9,0.6,1.9,29.2
8.75,76.6,3,4,6.4,9.4,7.4,6.4,6.3,6.0,9.5,6.7,8.8,8.1,8.3,79.7
7.09,60.3,2,1,5.9,5.1,6.0,4.8,4.9,3.5,5.3,4.1,3.8,5.8,4.5,53.0
8.35,80.7,4,3,6.6,8.3,6.2,6.9,9.7,9.0,8.3,9.1,9.0,7.6,9.3,80.9
5.81,20.7,2,1,0.0,0.4,2.1,1.6,0.0,0.1,0.0,2.1,0.8,1.7,2.9,25.2
8.68,77.6,4,2,5.8,8.0,7.3,7.5,6.7,7.6,8.5,8.9,6.4,7.3,7.6,75.4
7.64,74.5,4,2,6.8,4.0,5.5,4.8,6.0,7.1,5.7,5.6,5.7,4.2,5.9,64.3
7.11,59.5,2,1,5.9,6.3,6.4,7.5,7.9,7.5,7.9,7.0,8.1,8.0,5.5,64.9
5.19,32.9,0,1,1.0,1.3,3.5,4.9,1.4,4.2,3.8,1.4,2.0,4.2,3.5,33.5
4.98,21.7,1,1,1.6,4.0,1.7,3.3,1.6,2.2,0.4,3.8,3.4,3.6,3.8,32.9
7.25,61.3,2,2,7.5,5.7,4.5,4.1,4.8,6.2,6.7,3.8,5.0,7.2,6.2,58.3
9.65,94.5,9,5,8.1,7.1,7.0,7.5,8.1,9.6,9.2,9.0,7.1,6.9,8.6,86.6
5.26,48.6,1,0,1.8,2.5,5.0,4.8,4.0,2.9,2.1,3.6,2.5,2.1,3.7,37.0
7.64,74.0,2,1,6.6,7.1,5.6,5.8,4.9,7.4,4.7,7.6,7.3,5.3,5.1,61.8
8.24,86.8,3,4,8.8,7.4,8.0,10.0,7.2,8.6,6.6,9.6,9.5,8.5,8.7,85.8
9.59,96.4,8,4,7.6,9.6,9.4,9.5,7.9,10.0,7.5,10.0,9.7,9.7,8.6,96.8
8.19,75.0,3,4,7.4,7.4,7.8,6.3,8.3,5.8,4.9,6.3,5.4,8.2,7.7,72.1
4.72,49.5,1,0,1.0,1.8,2.9,0.4,1.9,1.0,4.0,3.8,1.7,1.1,0.7,25.2
7.03,57.9,4,2,7.6,7.2,5.0,7.8,6.5,8.9,5.1,6.7,6.5,8.0,6.5,69.5
7.61,59.4,3,1,3.0,3.2,4.9,2.7,5.1,4.6,4.3,4.8,3.3,3.8,2.9,47.1
6.67,63.1,4,2,5.1,6.1,4.7,7.3,5.7,5.6,8.2,4.3,7.6,6.4,7.1,68.1
7.09,72.0,2,2,5.6,8.1,5.8,6.2,8.2,7.6,7.0,5.9,7.4,8.0,6.7,67.3
6.6,72.3,2,1,4.9,6.4,3.5,3.6,4.7,4.8,6.3,4.8,4.4,4.4,4.0,48.9
5.73,22.8,1,1,3.3,4.0,2.3,4.6,5.3,2.6,2.2,4.5,4.7,4.1,3.5,39.3
7.61,71.9,4,1,7.4,6.5,3.8,6.3,5.5,6.4,5.2,6.5,5.3,6.4,5.1,64.4
4.95,42.1,2,1,0.0,0.7,0.5,0.0,0.3,3.3,0.4,3.0,1.8,1.2,0.7,26.0
7.27,58.8,4,2,5.3,4.3,4.1,5.4,6.2,3.0,3.2,6.3,5.7,4.8,4.8,57.9
7.07,67.0,4,2,4.8,5.7,2.4,5.2,3.7,5.4,3.5,3.6,3.6,3.8,5.8,55.9
7.18,71.2,3,1,6.3,5.8,3.8,6.7,6.1,5.1,4.2,6.2,4.4,4.1,5.4,57.7
5.84,47.6,1,1,0.0,0.0,2.7,1.9,0.7,0.0,1.6,0.0,0.3,1.4,0.0,27.9
7.07,71.3,2,1,5.8,6.5,4.4,5.8,5.8,7.5,5.1,6.0,6.4,7.3,5.0,59.5
7.28,75.0,4,2,3.7,5.4,4.3,4.7,6.1,3.4,4.9,3.4,3.6,4.2,4.9,57.7
5.62,45.9,0,1,1.4,2.4,0.1,2.9,2.3,1.8,2.8,2.4,1.9,1.9,3.3,29.4
9.19,89.7,8,5,10.0,6.7,7.3,6.7,8.9,9.4,9.3,8.6,7.8,7.6,9.0,86.5
9.59,92.2,4,4,10.0,10.0,7.7,9.7,8.8,10.0,10.0,7.4,8.9,9.2,10.0,92.5
8.17,84.8,6,3,7.7,5.9,8.2,5.8,8.4,9.0,7.9,5.9,8.9,9.1,8.0,79.4
7.46,58.2,3,1,5.6,6.0,4.5,4.2,6.9,6.2,4.0,7.2,5.4,6.4,5.5,55.5
7.41,72.5,3,1,5.5,6.3,6.2,5.7,5.3,5.7,3.6,4.5,6.0,3.8,5.8,56.7
6.02,38.4,1,0,3.2,1.0,1.8,1.6,0.9,2.6,1.8,0.5,2.4,2.1,1.8,28.4
6.77,67.8,3,1,5.4,3.4,4.4,2.8,5.3,3.1,4.1,2.8,4.4,5.3,4.3,50.6
7.88,81.7,4,2,6.4,4.9,8.2,6.2,6.3,8.4,5.7,5.2,6.8,8.0,6.7,70.3
8.56,82.8,5,2,6.4,6.2,7.3,6.0,7.6,5.9,8.5,9.1,8.1,6.4,8.0,75.9
8.52,77.0,3,4,8.4,5.9,6.8,5.9,9.3,6.1,8.3,9.0,9.0,7.1,7.5,76.8
8.63,81.3,5,2,9.2,7.5,8.9,9.5,8.4,6.4,9.6,6.5,7.6,8.5,9.2,84.7
7.72,70.3,4,2,4.7,5.4,3.3,4.4,6.3,5.4,3.5,4.9,5.5,4.8,4.0,60.6
7.26,65.2,2,2,6.8,6.8,5.3,7.7,4.1,6.3,5.6,4.0,7.1,4.5,5.9,62.3
4.18,46.6,2,1,2.8,3.4,4.2,2.0,4.1,2.3,4.0,2.1,4.0,3.2,2.9,34.2
6.75,61.2,2,1,7.5,5.7,6.3,5.7,6.8,5.8,7.6,6.5,6.5,5.9,5.2,59.2
8.28,84.3,3,3,8.2,6.3,5.4,6.9,6.1,5.5,7.1,8.2,8.0,5.7,7.1,74.7
6.26,23.0,1,1,1.0,1.9,3.9,3.6,3.9,1.2,4.2,2.6,1.7,2.6,2.4,31.4
7.36,67.6,4,1,3.6,5.2,4.6,5.2,4.8,4.2,5.1,5.3,5.8,3.9,3.2,55.8
8.53,79.3,4,3,5.6,6.7,8.8,6.0,7.6,7.4,5.2,8.0,7.2,7.7,8.2,75.5
6.99,54.6,3,2,5.9,4.7,6.0,6.9,4.9,4.4,7.6,4.5,6.2,7.6,6.9,62.6
4.56,40.2,1,0,3.9,5.5,2.7,3.3,5.1,2.6,3.4,2.4,2.6,3.3,4.4,34.6
9.3,95.7,8,6,7.8,9.1,8.8,8.3,9.1,7.1,8.8,10.0,8.9,7.4,7.7,92.1
6.08,45.5,2,1,4.5,4.6,3.1,2.8,2.2,3.6,2.9,2.1,1.6,2.3,3.0,37.9
6.79,63.2,2,2,5.5,4.2,5.1,3.7,2.7,3.6,5.3,5.3,5.1,3.2,3.9,49.8
6.08,47.2,1,1,0.5,2.1,0.9,0.7,2.3,1.2,3.0,0.3,2.3,1.7,1.9,27.3
7.21,65.9,3,2,5.4,5.1,6.7,6.9,5.0,7.3,6.2,5.6,6.4,5.4,5.7,64.2
5.7,26.6,2,0,0.4,0.0,0.0,1.9,1.9,0.0,0.2,0.0,0.0,2.2,2.2,24.7
4.41,36.4,1,0,3.1,1.3,4.3,3.5,3.0,2.0,1.3,3.5,3.2,2.5,1.5,29.5
7.7,64.9,4,2,7.3,7.5,7.0,7.6,7.4,5.4,5.3,7.1,7.1,7.0,6.2,69.6
4.52,32.0,1,0,1.8,3.0,2.5,2.2,2.9,4.9,1.3,5.2,4.2,4.0,4.0,34.0
7.48,59.7,4,1,6.3,7.7,5.4,5.9,6.2,8.3,5.1,5.4,6.3,6.3,6.4,64.8
8.12,82.5,5,4,9.6,7.4,9.2,8.4,8.2,7.6,8.0,7.0,7.9,6.4,6.5,83.0
7.86,77.5,5,3,7.6,9.7,7.6,7.9,8.8,7.3,7.2,8.6,8.4,6.7,8.1,80.5
8.35,79.0,4,3,8.6,6.9,6.7,6.1,8.3,9.6,8.4,6.8,7.9,8.5,7.9,79.0
8.43,76.7,6,3,8.5,8.0,8.2,6.2,8.3,9.3,9.0,6.5,6.8,6.7,7.0,78.4
5.83,27.5,2,1,0.5,0.4,3.1,0.5,0.9,0.3,1.9,2.8,2.9,1.3,3.0,27.9
5.8,30.0,1,0,3.8,2.7,1.2,3.7,2.9,4.4,0.9,3.0,3.6,3.3,2.1,34.0
6.64,61.8,2,1,4.3,3.9,4.3,4.6,6.6,5.5,3.6,5.7,4.3,3.3,3.7,48.6
6.47,28.4,1,0,5.4,4.0,4.6,5.0,3.8,4.2,3.2,3.2,3.2,4.6,4.3,39.7
7.05,51.8,2,1,5.0,2.9,5.5,3.5,3.1,4.7,2.4,4.2,3.7,5.4,3.5,44.9
9.03,89.2,8,5,8.7,7.1,8.4,9.3,10.0,9.3,9.2,7.5,8.5,8.7,9.7,91.9
9.82,88.1,9,6,9.4,10.0,10.0,10.0,10.0,8.4,9.6,9.6,9.9,9.8,8.6,97.4
6.26,38.9,1,0,0.2,1.0,1.9,2.4,0.8,1.9,3.5,0.4,2.5,3.2,3.0,31.5
8.51,78.5,4,2,6.5,9.2,6.2,9.1,6.0,7.2,7.6,6.0,6.9,7.3,7.4,77.8
8.33,80.7,3,4,7.3,7.1,5.7,7.6,7.2,8.9,9.2,7.8,8.2,8.7,8.9,81.9
6.64,61.5,3,2,6.9,6.6,6.2,8.2,4.9,8.3,7.2,7.0,5.6,7.4,6.4,66.9
7.59,50.7,2,2,4.6,3.1,4.3,3.3,6.3,4.4,6.3,3.2,4.7,5.9,4.7,51.9
8.17,81.3,4,3,7.1,7.0,9.1,7.3,7.5,8.2,9.2,7.1,7.5,8.0,7.5,78.1
6.52,54.4,3,1,6.0,3.7,5.6,6.5,6.5,4.4,4.2,6.8,6.5,4.5,6.1,55.6
6.3,22.4,2,0,2.1,3.3,3.3,5.0,5.1,1.8,3.9,3.9,2.6,4.0,3.9,38.1
7.89,84.4,4,2,9.0,7.9,7.2,6.6,5.6,7.7,5.2,5.1,8.2,8.0,7.3,74.4
9.85,95.9,7,4,7.4,8.7,8.7,7.5,7.5,10.0,7.7,10.0,8.8,8.7,8.3,89.9
8.68,78.9,6,2,6.2,7.2,6.6,5.2,5.2,7.8,4.9,8.3,6.4,6.2,6.7,72.3
8.37,87.0,3,3,8.6,9.3,7.9,6.6,9.1,8.7,8.3,6.7,7.2,7.7,7.5,76.4
7.32,50.3,2,1,6.8,6.6,5.5,6.7,7.9,6.8,5.1,4.8,7.7,6.9,7.3,63.4
4.89,42.3,0,0,0.0,1.1,0.0,2.2,3.1,0.6,0.4,1.4,2.5,0.0,1.1,23.2
6.91,69.3,3,2,6.7,5.3,7.7,8.4,7.3,7.6,7.4,7.8,6.6,6.4,5.5,67.5
7.35,70.4,4,1,3.5,3.3,3.9,4.8,5.7,5.6,2.8,4.2,4.6,4.0,3.5,53.3
7.52,67.9,3,2,6.4,6.5,7.2,8.0,5.3,6.0,8.3,7.4,5.8,6.7,5.6,67.2
6.62,73.5,3,1,7.3,5.8,5.1,5.9,5.1,7.1,4.2,3.9,4.6,5.0,5.8,59.7
4.39,43.4,1,0,2.9,3.6,3.6,2.3,3.4,5.2,3.2,4.0,3.8,2.1,4.4,34.6
7.0,51.4,3,2,5.9,6.0,3.5,5.8,5.9,4.0,6.0,3.2,4.5,5.7,4.9,53.6
7.69,52.9,4,1,2.7,4.8,3.4,6.0,4.5,3.8,3.9,2.6,5.2,5.1,4.7,56.7
7.75,72.0,2,2,7.5,7.6,6.9,4.3,6.8,5.7,6.4,5.9,6.1,6.5,5.4,61.5
8.93,91.8,7,6,6.8,8.9,6.4,7.0,8.6,6.5,9.6,7.2,7.9,7.0,8.6,86.6
7.98,75.7,5,4,4.7,5.6,4.9,5.8,6.5,7.7,6.8,8.3,7.3,8.0,5.9,74.0
5.52,37.8,2,0,1.6,0.9,1.7,2.0,4.0,2.0,2.1,3.1,1.8,2.0,4.0,30.1
7.67,57.6,4,1,5.5,4.6,4.8,4.4,3.8,4.2,4.4,5.2,5.2,5.6,4.2,54.4
8.54,84.9,4,3,8.6,8.4,8.0,8.3,7.3,8.8,5.9,8.1,8.3,6.3,6.7,79.8
7.39,53.4,3,1,6.2,4.7,6.6,5.2,5.5,5.3,5.3,2.9,5.8,5.1,4.4,55.4
5.69,29.8,2,0,3.3,3.5,0.7,3.3,2.1,0.8,1.5,2.0,2.5,1.0,3.8,32.2
6.52,51.9,4,2,5.3,6.0,6.5,3.8,6.3,4.2,6.4,7.6,5.6,6.7,5.3,56.2
8.62,76.2,3,2,8.7,7.1,9.3,7.2,7.0,6.9,8.9,6.8,8.4,8.8,8.8,78.1
6.24,30.2,0,0,1.9,2.1,3.8,3.1,0.4,0.9,1.2,2.1,0.5,1.4,2.8,27.6
8.53,87.2,4,2,6.5,8.7,7.4,8.1,7.8,9.2,8.5,8.4,8.8,6.8,9.0,80.8
8.87,92.8,6,6,9.1,10.0,8.7,8.7,9.7,9.7,10.0,10.0,10.0,9.8,10.0,93.4
7.79,70.5,4,1,2.8,5.4,4.1,4.5,2.8,2.6,4.7,2.8,2.7,3.7,3.1,51.2
7.0,52.3,4,1,3.8,5.0,5.4,6.2,3.5,5.3,6.1,3.7,4.1,4.6,5.5,56.0
6.53,52.4,4,2,5.6,3.1,4.9,4.3,5.4,5.5,3.3,3.8,5.7,4.3,4.6,50.6
6.6,73.5,4,2,6.4,5.2,7.3,4.3,3.8,5.3,5.7,4.4,6.4,7.0,4.6,59.7
6.57,55.2,2,1,5.6,2.7,3.3,3.8,5.0,2.5,4.3,4.8,4.7,4.4,5.2,47.9
6.96,56.1,3,2,5.4,3.2,2.6,3.5,4.5,5.3,4.2,4.5,3.7,5.1,3.8,50.5
6.79,55.0,4,2,6.5,5.7,7.3,5.5,5.4,8.2,6.5,4.8,5.9,6.3,6.6,62.1
7.55,69.2,2,1,4.8,4.3,3.7,4.5,4.9,5.6,7.0,7.4,4.3,5.0,5.5,54.9
8.3,88.7,3,2,8.2,7.7,7.8,9.2,8.6,6.3,8.7,9.5,8.0,8.2,8.2,82.0
4.55,48.8,0,1,2.8,3.4,3.5,1.3,2.0,0.9,4.0,1.7,2.2,3.6,1.1,30.2
8.37,89.8,5,4,9.1,8.3,8.1,7.0,8.0,5.7,5.8,6.2,6.8,8.5,8.3,81.9
7.65,56.2,4,1,7.5,7.0,7.2,7.0,6.9,4.7,7.8,6.5,6.6,7.5,6.5,65.2
6.44,27.3,2,0,1.6,4.5,3.1,1.3,3.8,1.7,1.8,4.6,3.1,3.2,2.0,33.6
8.42,77.0,5,2,7.5,8.0,8.6,7.2,7.5,8.0,8.2,6.3,7.6,7.2,7.2,75.3
8.79,84.9,4,3,8.7,6.5,9.4,9.6,7.6,8.8,9.1,6.4,7.0,7.0,8.6,83.9
7.45,60.1,2,1,5.5,7.1,7.7,6.6,6.3,5.0,6.0,5.1,5.1,5.4,4.6,59.9
7.1,73.9,4,1,3.1,5.9,3.4,4.2,5.7,5.7,5.5,6.7,6.4,4.3,4.4,57.6
9.06,94.6,7,3,10.0,9.6,7.7,10.0,10.0,9.1,8.2,10.0,8.6,10.0,10.0,94.0
8.56,82.6,5,2,6.5,8.3,6.6,8.2,8.2,9.3,8.8,7.1,7.6,8.7,7.0,79.4
8.56,77.8,5,4,9.5,9.3,6.9,6.2,6.6,8.3,6.8,6.4,7.4,8.2,8.5,80.7
7.15,61.4,4,1,3.8,3.2,4.3,3.8,3.5,4.8,5.1,4.9,4.4,4.4,3.8,49.6
7.75,68.3,4,2,3.6,3.3,3.3,6.0,6.0,3.9,4.3,3.9,2.9,3.0,4.0,56.8
8.71,75.4,4,4,5.8,8.4,7.1,7.8,6.4,5.7,6.9,7.8,7.3,5.8,5.8,74.1
6.93,64.3,3,1,3.3,4.8,2.9,4.8,3.8,5.1,6.1,5.6,5.7,3.8,5.9,52.3
8.79,75.8,5,4,6.4,8.1,7.6,6.0,7.9,7.3,6.1,7.6,6.5,7.7,5.7,76.2
6.95,70.4,3,1,7.8,7.9,5.5,7.6,7.9,5.9,7.2,6.2,7.7,7.6,7.1,69.1
8.0,77.4,4,3,8.8,7.5,8.7,7.4,8.9,8.8,7.2,9.3,7.5,8.5,9.5,79.5
6.25,20.1,1,0,0.5,2.4,0.7,0.8,3.0,3.5,2.1,0.1,1.3,1.9,1.6,24.7
8.59,84.4,5,2,5.4,8.9,6.5,7.8,5.4,7.6,7.9,6.2,5.8,6.0,7.0,75.4
8.57,78.5,6,3,6.2,5.2,5.0,5.4,7.7,5.6,8.3,5.0,5.5,5.9,7.9,75.5
7.45,59.3,3,2,5.3,3.4,3.0,3.3,3.0,6.6,3.5,4.0,5.8,5.2,5.0,52.8
8.63,88.2,6,2,6.6,8.0,5.8,8.5,6.5,8.1,8.4,6.3,7.4,6.3,8.6,80.3
7.67,50.8,4,1,3.3,5.7,3.8,4.1,5.7,4.6,5.4,3.3,5.6,3.9,4.0,53.5
7.89,81.6,4,4,5.0,8.0,6.5,6.6,7.4,6.3,7.3,5.6,5.7,7.4,5.6,73.1
6.63,56.7,3,1,5.2,4.5,6.9,7.0,5.2,4.7,5.6,4.7,4.1,4.1,6.6,57.6
6.04,27.4,1,1,1.4,2.7,1.8,4.3,1.7,0.5,2.3,2.9,1.5,1.9,3.0,30.2
6.54,65.4,2,2,5.4,5.9,3.3,4.6,5.3,5.9,6.4,6.1,5.0,6.7,3.9,54.3
8.38,82.5,6,4,8.0,6.6,10.0,7.5,9.0,8.5,10.0,7.4,7.6,8.2,7.0,85.8
9.23,99.9,7,5,9.5,10.0,8.4,7.5,10.0,10.0,7.9,8.6,10.0,10.0,10.0,92.9
5.07,22.9,1,0,0.9,0.9,1.3,3.9,1.3,3.0,0.4,0.4,2.9,2.0,2.8,26.5
7.94,77.1,6,2,8.5,6.7,9.1,6.4,6.3,8.7,7.8,8.8,7.5,8.5,7.1,77.7
6.67,50.1,4,2,5.9,7.6,7.6,7.1,7.7,5.6,8.5,6.6,8.2,8.1,8.2,70.5
8.81,96.9,9,4,6.8,6.9,9.3,8.4,9.1,9.2,9.7,9.1,7.6,7.2,7.6,89.0
6.65,54.2,4,1,4.7,5.5,5.3,6.1,6.3,4.7,6.4,6.1,5.4,6.0,6.4,58.4
4.42,22.1,0,1,4.7,4.8,4.0,3.0,4.5,3.2,2.7,4.6,3.5,2.9,2.7,31.1
9.63,92.9,5,3,7.8,7.9,10.0,10.0,9.7,10.0,9.8,10.0,8.6,9.3,9.5,91.2
7.44,72.8,4,1,6.3,4.9,6.1,5.2,4.2,5.8,6.2,4.7,6.6,5.4,5.6,60.4
8.12,85.5,5,4,7.6,5.8,7.3,6.2,6.5,5.9,8.4,9.3,8.0,8.9,6.2,80.8
8.5,78.9,5,2,9.2,8.6,7.1,7.2,7.8,8.2,8.2,8.5,8.5,7.8,8.0,79.8
7.45,70.8,2,1,4.4,4.0,4.9,7.7,6.5,5.2,6.2,6.8,7.4,5.7,7.3,64.2
5.86,39.3,2,0,0.0,0.8,3.5,2.0,0.4,1.0,0.3,3.7,2.0,2.5,2.4,31.2
8.75,75.5,5,4,9.0,9.8,8.3,9.4,9.4,9.0,6.6,9.3,8.8,9.4,8.2,88.7
7.1,53.7,2,1,4.7,5.1,4.6,6.6,5.6,4.2,3.7,3.4,4.3,4.1,6.5,50.3
6.8,70.9,3,1,6.2,5.1,5.2,5.4,5.6,6.7,4.0,7.1,6.0,6.0,6.7,60.5
8.63,89.3,5,2,6.0,6.0,5.6,8.2,5.9,7.3,8.7,7.6,5.8,5.3,6.6,75.8
8.78,86.8,3,3,8.9,8.6,6.8,5.7,8.5,8.5,5.7,7.3,6.4,7.0,6.4,73.4
8.39,88.5,5,3,8.4,7.8,9.6,8.2,6.4,9.4,6.5,7.6,8.4,9.4,6.5,84.1
4.19,32.0,2,1,2.3,3.2,4.1,1.8,2.7,2.3,4.0,5.1,4.4,2.6,2.4,33.5
5.16,27.4,1,1,2.2,3.0,3.0,4.2,0.7,3.4,2.6,1.5,2.0,3.6,3.7,31.6
8.61,87.3,4,4,7.8,7.1,7.4,7.8,9.3,8.6,6.1,6.5,7.7,7.2,7.9,80.1
5.27,31.0,1,1,2.1,3.9,1.0,1.0,2.9,3.2,3.0,4.4,1.9,2.5,2.5,27.8
9.84,95.2,7,4,7.3,9.1,9.5,9.7,7.4,6.8,6.9,8.7,9.5,8.3,7.8,94.3
8.47,75.6,5,4,7.4,8.2,7.2,7.1,6.7,7.8,8.8,7.9,6.5,6.7,7.6,78.1
9.21,88.4,8,3,8.8,8.9,9.9,7.3,9.7,9.6,8.7,7.3,9.4,9.8,8.7,89.7
7.69,64.2,2,2,5.4,3.9,4.5,5.7,3.7,2.6,5.0,5.3,6.0,5.3,4.8,56.8
7.8,64.7,3,2,6.7,7.6,5.3,5.1,6.3,6.3,7.5,4.9,7.3,6.2,6.9,64.5
4.86,46.2,2,1,1.9,2.5,0.0,1.9,2.1,0.0,1.0,0.4,2.3,1.9,1.4,29.6
6.2,33.3,0,1,4.8,4.5,2.2,2.4,2.8,4.5,2.9,4.0,2.5,4.1,3.7,34.3
9.73,93.5,9,5,7.7,7.8,10.0,10.0,10.0,8.1,9.7,8.5,9.1,10.0,8.8,97.0
8.36,83.1,6,4,7.4,7.8,7.0,6.5,5.8,7.0,9.0,8.2,6.0,5.8,6.3,78.7
7.73,57.5,2,2,5.2,4.5,5.8,5.3,3.5,5.9,3.5,4.9,5.5,5.4,4.7,53.8
6.28,35.2,2,0,1.2,1.1,0.5,4.0,3.3,1.9,2.9,1.4,3.1,2.0,2.8,34.1
7.01,74.8,3,2,5.0,6.2,5.3,6.5,7.2,6.7,5.5,3.8,5.3,5.0,6.3,62.7
4.73,29.9,1,1,0.9,1.8,1.7,0.5,0.4,0.2,1.5,2.1,0.0,0.0,0.0,19.2
7.43,55.1,2,2,6.9,5.8,6.9,7.1,5.1,5.3,4.2,5.6,5.4,4.8,5.8,59.3
5.0,23.2,2,0,0.6,0.4,2.0,2.6,0.0,0.0,1.4,1.1,1.1,1.0,1.1,22.6
7.01,62.5,2,1,5.2,6.8,6.3,7.1,6.3,5.7,6.5,5.5,7.0,4.6,4.2,60.2
7.78,60.4,3,1,5.3,3.5,5.6,5.7,3.8,2.9,4.9,3.7,5.8,5.9,3.2,56.2
9.58,94.2,6,3,7.4,8.8,7.3,10.0,8.7,10.0,8.1,9.1,7.8,7.7,8.9,91.7
7.32,68.6,4,1,4.4,5.7,6.2,3.9,5.4,4.5,3.0,5.8,3.6,5.5,4.7,54.1
5.69,23.8,1,1,3.6,4.7,3.6,5.5,2.1,3.2,2.3,4.1,4.2,4.5,4.9,40.6
4.12,28.7,2,1,2.8,2.3,0.3,0.7,2.8,2.7,1.1,1.4,1.4,0.9,2.3,22.8
7.53,50.2,3,2,8.4,6.8,6.6,4.9,7.2,7.1,5.8,5.9,7.6,6.9,5.6,61.0
4.02,41.3,0,0,3.2,1.2,2.9,3.4,1.3,3.2,3.0,2.4,1.1,3.4,3.4,27.8
7.99,76.9,3,4,7.9,8.4,6.7,8.5,6.1,6.0,8.5,8.5,6.3,6.8,6.3,75.4
6.62,62.7,3,2,6.1,4.5,5.1,6.0,6.4,5.8,7.2,3.8,6.5,4.2,4.6,59.9
8.7,85.3,4,3,8.4,6.0,6.3,5.5,7.5,6.2,6.1,6.3,8.1,7.0,7.0,75.5
6.49,43.2,2,0,5.5,2.1,1.9,3.8,2.5,3.5,3.7,4.6,4.6,3.8,4.7,43.2
8.67,75.3,6,2,7.3,7.0,7.2,7.8,8.1,6.0,8.5,7.4,6.1,8.0,5.7,77.4
4.4,49.4,2,1,2.6,2.0,4.2,3.5,0.9,2.7,3.4,1.8,1.2,1.5,2.0,33.6
7.67,68.5,3,1,5.9,5.3,6.4,7.5,5.4,5.6,6.9,8.2,6.3,7.1,5.8,67.1
8.51,78.2,4,3,5.9,8.3,8.7,6.3,7.3,8.4,8.3,8.0,7.9,7.5,8.4,77.4
9.05,89.7,8,6,9.7,9.1,9.6,9.1,8.3,10.0,9.9,10.0,9.8,8.8,9.6,94.3
8.21,85.4,3,4,6.6,7.2,9.4,8.4,5.7,7.4,5.6,9.0,6.4,8.9,8.6,81.4
5.96,39.1,0,1,1.9,3.3,3.0,2.0,2.6,3.8,2.2,3.5,2.4,1.2,2.1,29.7
8.75,89.4,5,2,8.1,8.4,6.6,8.8,8.3,7.2,8.5,8.6,7.9,8.7,9.1,83.6
8.46,87.7,4,3,4.9,4.8,5.4,8.1,7.6,5.2,6.0,6.5,5.9,6.1,7.0,72.3
9.54,97.4,7,5,8.6,9.0,8.0,10.0,6.9,10.0,8.5,6.8,7.9,10.0,8.9,94.9
7.04,72.2,3,1,3.3,4.9,6.6,5.1,4.2,5.5,6.4,3.4,6.0,6.5,3.8,57.2
7.13,53.7,4,1,6.4,7.2,5.5,5.9,5.8,6.9,5.5,7.4,6.9,6.9,5.5,62.2
6.29,22.4,0,1,4.2,5.5,2.8,2.6,4.0,4.3,5.1,4.5,3.3,2.6,2.7,33.2
8.21,77.3,3,4,7.2,7.6,8.5,8.0,7.7,6.6,6.2,6.9,7.7,7.4,8.3,77.8
7.64,64.7,4,2,5.7,5.6,5.7,5.0,4.8,4.4,3.8,4.2,5.9,5.8,5.7,58.1
7.94,76.5,6,2,9.0,8.3,7.8,8.8,6.5,10.0,7.1,8.2,6.8,8.6,8.9,82.0
6.78,63.4,3,2,7.0,8.2,6.6,4.9,7.5,6.3,6.0,5.6,7.7,5.7,5.9,61.8
5.9,37.9,2,0,3.9,3.1,0.9,2.5,3.7,4.8,1.7,2.2,1.5,3.9,3.0,33.7
6.65,73.7,3,2,4.4,6.2,6.3,5.4,4.8,4.2,4.9,7.5,6.4,4.5,6.6,64.2
9.1,92.0,9,5,7.9,8.0,10.0,7.2,8.7,8.0,7.2,9.2,7.8,8.6,7.4,85.8
9.43,99.0,6,4,8.9,9.7,7.6,8.4,6.7,9.0,8.4,6.7,8.3,6.9,7.7,90.4
8.13,84.9,6,3,9.0,5.6,7.3,6.6,6.2,8.4,7.6,6.4,8.1,5.8,7.4,79.7
7.0,64.3,2,2,7.1,4.1,4.2,4.2,6.1,7.1,3.7,5.9,4.1,4.7,6.7,54.7
8.58,81.9,4,3,8.1,5.5,8.0,7.8,6.6,7.8,6.3,5.5,6.2,5.8,7.0,75.2
8.39,84.1,4,2,7.6,5.2,7.2,7.5,8.8,7.5,7.4,5.1,7.8,7.8,5.8,76.6
8.25,88.5,3,2,7.8,8.5,6.7,6.0,9.2,9.1,6.8,8.5,8.6,9.0,6.9,76.3
8.78,84.2,4,4,6.4,7.8,5.2,5.7,5.9,7.0,5.4,7.5,6.5,6.7,7.2,72.4
8.69,79.3,3,2,8.1,7.7,7.6,6.8,9.0,8.4,6.3,6.3,6.6,8.2,7.1,74.5
9.59,92.4,5,5,7.4,9.3,8.4,6.8,6.3,9.7,9.1,8.1,9.1,8.8,8.3,88.6
8.62,78.4,5,3,7.8,6.7,6.8,7.8,8.4,8.7,5.4,5.7,6.9,7.2,8.6,81.2
9.74,91.8,4,4,10.0,10.0,9.0,10.0,10.0,10.0,8.8,9.6,9.4,9.2,10.0,92.6
7.89,79.1,4,3,5.9,8.5,5.2,6.2,6.4,8.5,5.8,5.7,6.3,7.1,8.0,72.6
7.86,88.2,6,3,8.2,5.8,5.3,6.9,7.1,5.1,7.9,5.4,5.7,7.4,6.8,76.9
4.78,49.0,2,0,3.3,2.4,4.1,2.0,2.6,1.9,4.7,4.1,2.9,3.2,3.5,34.9
6.86,63.1,2,2,5.7,6.5,7.0,6.2,3.7,5.2,7.4,4.4,4.5,5.1,6.4,57.0
5.5,24.1,2,0,1.1,1.6,1.9,3.0,3.9,0.6,1.5,2.7,2.2,3.3,1.8,31.5
9.03,88.5,9,4,9.3,9.2,9.1,8.7,9.3,10.0,7.9,10.0,8.9,10.0,10.0,94.4
8.76,84.7,5,3,6.5,8.1,10.0,7.0,7.5,9.5,7.5,6.6,7.8,7.8,9.6,83.3
7.08,59.5,2,2,3.3,2.5,3.6,5.3,5.1,3.9,2.4,5.0,4.6,3.8,5.6,51.0
6.77,63.6,2,1,7.0,6.7,6.2,5.3,6.5,6.7,8.3,5.5,6.9,6.7,6.5,60.5
7.8,79.2,3,2,5.9,6.2,8.1,6.7,8.5,8.2,7.8,5.8,8.3,8.1,6.9,72.4
4.29,27.5,1,1,4.1,3.1,4.4,5.0,2.1,2.7,4.5,2.5,4.2,3.7,2.1,34.5
8.1,90.0,6,4,8.2,6.5,9.3,9.2,9.5,9.7,7.8,9.1,9.0,7.7,8.2,90.1
7.75,54.4,4,1,2.9,5.2,3.6,5.0,5.0,4.5,3.4,3.2,4.8,4.0,3.5,52.4
7.63,51.7,2,2,3.6,5.9,3.8,3.8,5.5,5.8,3.8,6.4,6.1,4.0,5.2,53.1
8.66,89.0,4,4,6.4,8.6,8.3,7.7,7.1,7.4,8.9,9.1,6.9,8.0,8.5,82.8
4.83,31.8,1,1,2.5,0.4,3.0,1.5,0.9,3.0,2.3,2.8,3.1,3.3,2.9,27.7
8.07,89.9,3,3,6.8,5.6,6.8,7.6,6.1,5.2,7.8,5.1,8.3,6.6,8.1,74.3
9.8,93.5,9,6,9.6,10.0,8.0,9.7,10.0,9.7,8.8,7.8,9.0,9.0,8.1,96.3
4.83,41.8,0,0,1.0,2.2,3.6,3.3,3.8,2.2,2.2,3.2,2.8,3.7,1.6,31.2
5.38,48.4,0,0,0.0,0.1,1.1,1.3,1.9,2.1,2.2,1.4,1.3,0.4,2.3,22.8
8.2,83.8,6,2,7.3,6.0,7.0,5.4,8.0,8.2,6.9,8.8,5.5,8.4,6.6,75.7
6.69,71.5,2,2,7.5,5.3,5.4,7.2,8.6,6.7,4.6,6.7,6.3,8.0,5.9,65.6
8.43,75.2,3,3,7.6,9.0,10.0,7.2,9.0,7.3,6.5,10.0,9.4,8.2,8.8,80.9
7.99,78.0,5,2,9.0,8.6,7.0,8.1,6.8,7.3,8.3,6.8,7.6,7.7,6.7,76.6
8.53,78.2,5,2,7.4,8.0,5.8,5.2,6.1,6.9,7.0,7.1,6.0,7.4,5.7,71.0
8.75,75.2,5,3,9.2,5.9,5.5,5.9,6.0,6.9,6.7,9.0,6.0,7.4,6.9,75.1
6.56,50.9,4,2,4.6,5.0,3.9,4.4,5.0,6.4,3.7,6.5,4.8,6.4,6.1,56.2
4.38,30.4,1,1,0.4,1.1,1.2,0.7,1.8,0.3,3.2,4.1,1.7,1.8,2.2,25.5
7.55,54.8,4,1,7.2,6.4,5.3,4.9,8.2,6.8,5.1,7.2,6.3,6.9,7.2,63.8
8.41,76.7,5,3,7.9,7.6,6.3,6.4,9.4,6.8,6.7,8.5,8.7,9.0,8.8,80.1
7.19,56.1,3,1,5.3,5.5,3.2,3.9,5.3,5.2,3.5,4.2,4.8,4.6,3.5,48.0
8.99,97.0,7,4,8.8,9.7,7.8,9.7,10.0,10.0,9.1,10.0,10.0,9.9,10.0,95.2
5.37,37.8,2,0,0.5,2.4,1.9,2.7,0.0,0.4,3.6,0.6,1.1,0.7,2.5,28.1
6.93,60.4,4,1,5.7,3.7,3.7,6.1,5.8,5.0,7.1,7.3,5.6,5.6,6.1,60.5
4.42,42.8,2,1,2.9,3.9,1.6,2.8,1.2,0.7,0.7,3.5,2.0,2.5,2.6,32.9
4.14,36.0,0,1,1.6,2.2,2.1,1.3,2.2,0.5,0.3,1.8,1.9,1.8,0.5,22.0
4.7,26.2,0,1,3.6,4.2,5.4,2.8,5.2,4.4,2.1,2.1,4.1,4.3,3.0,34.7
8.45,88.8,5,3,5.7,8.2,4.9,6.3,7.5,6.1,5.2,7.7,6.9,8.1,5.4,78.0
6.9,60.8,2,2,7.5,7.2,6.8,7.4,5.7,8.5,5.6,8.2,7.3,5.2,6.2,64.7
6.49,23.7,2,0,1.1,3.5,1.2,4.4,1.0,4.4,2.4,3.2,3.7,2.9,3.9,37.0
7.43,60.4,3,2,6.2,5.6,8.6,7.4,7.4,5.9,7.4,6.9,5.6,7.7,7.3,67.3
4.33,39.1,1,0,1.8,3.7,3.5,4.0,3.2,2.3,1.1,1.2,3.4,4.4,3.1,33.6
6.91,56.4,2,2,4.1,4.9,5.8,2.8,5.4,4.9,4.3,4.1,4.8,3.5,4.8,48.4
5.07,46.7,0,0,1.6,2.0,2.9,1.1,1.1,0.2,0.0,1.5,0.1,0.7,1.4,22.1
6.76,53.5,2,1,4.2,4.0,5.2,4.3,4.2,4.8,6.2,3.9,4.3,4.7,5.1,48.6
7.16,64.6,4,2,7.4,7.6,6.0,6.5,8.6,5.8,6.1,8.7,7.8,8.4,8.5,71.7
6.25,22.8,0,1,3.0,3.0,1.8,2.6,3.7,3.9,1.2,4.6,1.8,4.6,3.5,32.7
7.06,64.3,2,1,4.9,2.9,4.6,5.0,4.7,4.1,4.9,5.0,4.5,4.7,3.6,50.7
8.35,81.3,5,3,8.1,7.0,8.0,8.5,6.8,7.7,8.3,8.2,8.7,8.4,7.0,81.4
6.56,50.4,4,1,4.0,5.9,7.2,5.0,6.2,6.0,7.0,5.6,4.2,4.7,4.1,54.4
4.4,46.4,1,1,2.3,0.0,3.6,3.3,0.0,1.7,1.7,0.4,2.5,0.5,1.7,31.8
6.42,42.5,1,1,2.2,2.3,0.0,2.0,1.1,1.6,2.3,3.0,2.7,0.8,0.7,29.8
4.67,36.1,1,1,2.0,3.4,4.2,3.7,2.0,4.5,4.0,4.5,3.3,2.8,4.3,36.8
7.48,50.5,4,2,3.3,3.8,5.0,4.7,3.6,4.9,5.0,6.1,3.5,3.8,4.4,54.7
7.18,63.6,2,2,5.7,6.6,5.6,5.5,6.0,4.4,5.9,4.6,4.9,4.5,5.5,55.1
4.26,20.8,1,1,1.8,3.5,2.8,1.3,2.9,1.6,0.9,1.8,0.9,1.0,3.2,23.1
4.78,36.3,0,0,2.3,4.6,5.2,2.8,3.5,4.5,3.6,1.8,3.2,4.4,4.6,33.7
7.2,63.2,3,1,4.9,6.8,4.5,5.3,3.6,4.1,7.0,6.0,5.4,3.9,6.5,58.8
8.21,84.0,6,3,7.8,6.4,7.5,8.4,7.2,7.3,8.5,6.9,8.0,7.3,5.9,83.2
5.65,45.4,0,0,2.1,4.3,2.3,2.4,4.4,5.0,4.3,3.4,3.1,3.0,3.3,32.4
7.58,61.6,2,1,4.3,3.2,5.8,5.5,5.4,5.6,4.1,6.3,4.2,3.9,3.5,51.5
5.51,47.1,1,1,1.5,3.0,1.9,0.4,1.7,1.3,2.3,2.5,2.9,2.1,2.2,30.1
5.24,35.9,0,0,0.7,2.5,0.2,2.8,0.0,1.8,2.0,0.0,2.1,1.1,1.0,23.4
5.12,48.5,0,1,0.4,2.8,0.8,0.0,1.2,0.0,3.4,1.3,2.7,3.0,3.0,27.8
6.36,43.9,1,1,2.4,5.2,2.8,4.1,4.3,2.0,2.8,3.2,3.0,2.9,2.5,39.3
7.38,59.2,3,2,4.2,5.6,3.1,5.8,4.1,2.8,2.7,3.9,4.7,5.6,4.0,54.3
7.92,88.3,3,2,6.1,6.3,6.1,9.2,7.0,6.6,7.1,9.5,9.0,7.7,8.0,80.8
7.17,68.7,2,2,4.3,4.2,6.0,4.0,6.9,4.8,4.9,6.7,6.7,4.2,6.3,55.9
8.74,81.8,6,2,5.6,8.6,7.2,7.9,6.8,8.4,6.3,9.1,7.3,7.5,8.4,81.1
6.63,63.0,2,1,6.5,6.4,7.2,5.2,6.3,4.7,5.3,5.8,6.0,6.2,5.4,55.7
7.94,77.4,4,2,5.8,5.4,7.0,6.2,8.0,6.6,7.6,7.5,6.7,6.4,5.7,68.3
6.3,33.7,2,1,4.0,3.3,1.4,2.3,1.4,3.8,4.6,5.1,1.7,2.9,2.0,35.6
6.71,58.2,4,1,7.0,6.2,7.8,7.9,6.6,5.4,4.6,6.9,5.3,7.1,5.2,63.4
6.58,63.1,2,2,7.9,6.7,6.9,6.8,6.4,6.5,4.0,6.8,6.8,6.8,4.7,64.0
6.41,35.0,2,1,1.1,0.8,0.7,3.7,3.0,1.7,3.1,0.7,3.2,3.6,1.7,36.4
7.28,69.4,2,1,4.5,7.0,6.7,4.8,5.5,4.6,3.7,4.8,5.4,4.5,6.7,56.9
5.02,24.6,1,0,2.5,1.6,0.7,4.4,1.1,4.5,2.0,1.6,3.3,3.7,2.2,32.1
7.06,73.1,2,2,4.7,5.3,5.3,7.2,6.7,7.5,4.1,5.6,6.9,4.7,5.8,62.8
7.74,61.9,2,1,4.4,7.0,6.4,6.0,5.0,5.1,7.3,5.6,7.2,4.8,7.4,60.6
6.8,62.7,4,2,6.4,6.9,6.4,7.3,6.3,5.6,5.0,6.7,6.6,5.9,6.4,62.5
6.97,60.6,2,1,3.3,5.2,6.7,4.7,3.4,5.5,5.1,4.6,5.4,5.9,4.8,53.2
6.35,36.4,0,1,2.4,3.8,4.6,4.4,2.2,1.8,3.4,2.5,3.8,2.8,3.6,35.6
8.19,75.2,3,2,8.5,5.5,7.9,6.1,6.0,6.1,7.6,6.9,6.2,7.9,6.7,70.0
7.34,69.0,2,1,5.1,3.6,3.7,2.9,5.6,6.3,4.6,2.9,3.5,4.3,5.4,48.6
7.81,79.9,4,2,8.1,8.0,8.4,6.5,6.7,7.3,8.2,5.4,6.3,7.2,6.7,71.8
7.91,88.8,3,2,7.3,8.0,8.6,10.0,9.9,8.3,7.7,8.1,7.1,9.4,8.4,81.8
6.3,34.7,2,1,1.7,5.6,1.6,4.5,4.1,4.3,2.8,4.4,3.9,4.3,2.5,44.0
8.01,82.4,5,4,8.1,6.7,6.4,9.5,6.9,9.2,6.9,8.2,8.4,6.9,8.3,86.7
7.88,88.3,4,4,6.0,8.8,6.3,8.8,8.6,7.4,7.7,7.7,8.6,9.0,8.1,84.8
6.91,59.0,4,2,4.7,5.1,6.4,3.9,6.7,3.3,4.7,3.8,5.4,4.2,5.8,56.9
6.23,45.8,2,1,0.9,2.0,0.1,0.6,2.9,3.6,1.0,2.7,2.3,1.3,3.5,31.6
8.77,87.7,4,3,5.9,7.6,7.5,9.5,7.4,7.9,8.4,6.5,8.7,8.2,7.9,82.8
7.41,72.2,2,1,5.4,3.4,5.3,3.8,4.6,4.7,5.0,5.5,4.1,4.5,4.3,49.2
9.72,93.8,9,4,10.0,8.6,9.0,10.0,8.0,10.0,9.9,9.7,10.0,8.8,10.0,97.2
9.47,95.3,7,3,10.0,8.8,10.0,10.0,10.0,10.0,8.8,9.4,9.1,9.0,9.3,94.5
8.3,87.2,4,2,7.6,8.6,9.6,7.6,8.3,6.1,6.1,8.6,7.8,7.2,9.4,79.6
7.36,57.0,3,1,3.2,6.6,4.7,5.0,6.0,4.2,3.7,5.9,5.0,6.5,4.9,55.1
5.27,21.2,2,1,2.5,4.1,5.1,4.6,4.2,5.7,3.5,2.3,3.7,4.3,4.5,39.0
5.26,27.1,1,1,2.3,4.3,1.8,3.1,5.1,2.6,3.7,1.8,4.7,4.6,5.1,36.3
9.19,92.8,8,4,9.1,10.0,8.6,9.6,9.3,10.0,10.0,10.0,10.0,10.0,8.8,97.6
6.8,74.7,2,2,5.8,6.2,4.8,2.9,5.2,4.8,2.5,4.7,5.2,4.4,3.1,53.5
7.5,56.8,2,2,6.3,7.0,5.3,6.1,7.7,6.1,5.6,6.9,6.8,4.8,6.2,59.2
7.53,51.1,4,1,5.5,4.4,4.9,6.3,6.0,4.0,3.9,4.9,6.5,6.5,3.9,57.8
4.61,27.7,1,0,1.4,3.0,0.3,0.0,0.2,0.0,2.5,0.0,1.2,0.4,2.0,17.2
5.39,25.1,1,0,0.0,0.3,1.7,1.9,1.7,1.9,1.8,0.0,2.2,0.0,1.0,21.3
7.1,73.8,4,1,5.0,5.0,4.5,3.8,4.9,6.9,5.5,5.7,3.6,5.0,5.8,56.8
7.41,73.3,2,1,6.3,5.3,6.2,5.4,7.3,5.7,5.6,4.6,4.9,6.4,6.6,59.7
6.51,69.8,4,2,4.5,4.4,3.7,3.8,5.2,6.0,3.3,5.5,4.8,4.8,5.3,55.0
6.69,62.7,3,1,6.6,8.5,7.6,6.9,7.1,5.9,5.9,6.7,5.5,7.4,5.3,64.0
5.66,22.9,0,1,4.5,3.7,2.9,2.2,2.5,3.0,5.6,2.4,2.7,4.0,4.1,33.8
4.71,27.9,2,0,2.9,2.0,0.0,0.9,1.4,1.6,3.1,1.7,2.0,0.3,2.1,24.0
8.79,85.4,5,4,8.1,9.4,8.2,6.2,7.8,6.8,9.5,6.6,8.4,7.3,6.4,82.6
6.65,66.5,4,2,7.0,8.6,5.7,5.4,6.8,7.5,7.8,5.6,6.0,6.0,5.7,64.3
6.87,65.4,2,1,3.7,4.2,4.8,4.9,5.1,4.1,4.9,4.9,5.1,3.1,4.0,49.1
7.26,57.5,3,1,6.5,5.1,5.5,7.4,5.0,4.8,7.1,4.6,5.3,4.6,5.3,60.3
7.75,64.7,3,2,5.0,6.4,7.0,6.1,5.2,7.1,7.3,5.6,7.4,6.2,5.6,64.0
7.59,60.8,3,1,5.0,3.4,5.2,4.9,4.7,4.9,3.2,3.0,5.6,5.2,3.2,52.8
5.55,32.6,2,1,4.4,3.5,3.8,1.4,2.9,1.0,1.3,2.9,2.3,1.6,3.0,31.0
7.93,79.2,4,3,7.0,8.3,7.1,7.3,8.6,5.2,5.9,6.0,6.6,6.5,7.8,76.2
7.8,79.4,5,4,6.9,9.6,9.4,6.5,7.5,7.8,6.2,6.8,9.0,7.9,6.9,81.0
5.3,36.4,0,0,3.8,1.1,0.4,2.7,2.1,2.6,1.9,2.8,3.0,0.5,2.5,26.1
7.09,52.4,4,1,6.1,5.0,5.4,4.2,5.6,3.5,2.9,4.1,5.5,4.7,4.7,53.1
8.05,86.3,6,3,7.0,8.0,5.0,6.9,6.7,8.3,5.4,7.2,6.7,6.9,6.9,78.1
6.83,50.1,4,2,5.8,6.7,5.3,6.0,4.2,4.0,5.4,5.3,6.5,4.3,5.8,57.6
5.2,23.6,0,0,2.3,2.6,2.2,4.5,3.5,2.5,2.4,4.0,2.0,4.3,2.4,31.4
8.52,86.9,5,2,7.2,8.6,8.7,8.9,9.3,8.4,7.3,10.0,8.3,8.7,8.1,84.9
4.45,22.3,0,0,1.2,3.1,3.6,1.5,4.7,3.7,2.4,1.9,1.7,1.5,2.5,22.4
4.26,24.3,0,1,0.0,0.8,0.0,2.3,0.1,0.9,0.5,1.5,1.5,0.8,0.5,17.7
4.55,26.7,2,0,2.4,3.3,4.9,4.2,4.8,3.2,4.0,3.1,4.7,4.3,3.5,38.6
7.76,66.5,3,1,5.3,6.5,8.0,5.6,7.4,8.6,5.6,5.2,5.7,6.7,5.6,62.7
7.1,72.1,3,1,5.6,5.8,4.6,4.5,5.9,3.5,5.6,4.7,4.1,5.3,6.3,56.5
9.05,90.1,9,4,7.9,8.8,9.7,9.9,8.6,10.0,7.1,10.0,8.5,7.9,8.5,93.1
7.76,66.7,4,2,5.4,5.9,3.7,6.0,6.1,5.3,5.2,4.9,4.7,5.6,5.0,60.7
5.72,23.9,2,0,1.6,3.2,1.1,2.5,2.4,2.7,2.0,1.2,1.6,0.2,1.8,26.9
9.66,97.4,7,6,9.1,7.1,8.9,6.9,7.8,7.4,6.9,6.8,8.8,8.5,9.3,89.3
6.12,37.3,0,0,1.2,0.9,1.3,3.6,2.8,2.3,1.0,2.3,1.3,2.2,3.3,30.0
6.64,71.1,2,2,6.1,7.3,6.9,5.4,6.5,7.1,8.7,8.7,5.9,6.9,6.8,64.1
7.8,86.1,6,4,8.5,8.5,7.5,7.8,8.3,8.6,9.0,9.1,7.5,6.5,7.5,82.8
8.6,88.4,5,3,8.4,5.9,7.6,6.4,7.1,6.0,6.8,4.7,7.9,7.4,6.3,78.8
6.63,70.4,3,2,5.6,5.0,5.4,6.3,7.0,7.4,7.8,4.7,6.4,7.6,4.9,65.2
6.67,63.3,2,2,8.0,5.0,6.7,7.0,6.9,5.6,5.6,6.6,5.5,6.9,7.5,62.9
8.71,85.6,6,4,6.5,9.4,9.4,9.3,7.2,8.8,6.5,7.9,8.4,8.7,9.2,89.6
8.56,81.5,3,2,6.6,6.5,7.5,7.7,6.7,7.7,9.8,9.2,9.0,9.2,6.7,80.1
5.19,37.6,1,1,3.0,0.6,1.0,3.1,3.3,2.8,2.2,2.9,2.8,1.9,3.7,33.5
8.23,83.6,6,4,8.8,7.1,9.3,7.0,9.4,6.8,7.5,7.5,9.4,9.3,9.3,86.4
6.92,60.3,2,1,6.7,3.7,3.8,5.6,3.2,6.4,5.5,5.7,3.5,4.6,4.2,52.9
7.32,75.0,3,1,6.9,3.6,3.8,4.2,6.6,5.2,4.4,4.4,6.6,4.5,5.5,57.9
9.49,96.6,6,5,7.6,10.0,7.5,10.0,8.2,9.7,8.1,7.4,9.0,9.1,9.3,94.3
6.56,65.7,4,1,7.7,5.4,5.2,6.2,4.9,6.1,7.8,8.3,7.6,5.7,6.7,65.1
7.66,54.5,4,1,5.4,6.0,6.0,6.5,6.1,5.5,3.7,5.1,6.6,6.3,5.1,58.5
9.1,92.5,7,3,10.0,7.6,10.0,10.0,9.3,8.5,8.2,8.3,8.1,9.4,8.2,93.1
8.17,78.0,3,2,8.9,7.3,6.0,8.3,8.8,6.0,7.7,7.6,9.0,7.4,6.9,76.6
5.83,38.5,1,0,4.9,2.2,3.9,2.5,2.7,4.6,4.9,3.6,3.6,2.6,3.5,31.9
7.66,58.1,3,1,4.4,5.6,4.7,4.0,4.0,6.0,3.6,5.9,3.8,6.3,6.4,53.1
7.59,54.6,4,1,8.1,7.4,4.8,7.1,5.9,8.3,7.6,5.6,5.5,5.9,5.9,62.7
7.86,75.8,4,3,7.5,8.4,7.0,8.2,8.4,9.6,9.4,8.0,8.8,8.6,7.7,79.8
4.77,26.2,0,1,3.5,1.0,1.2,1.0,1.9,1.1,3.7,1.8,1.0,1.5,1.2,22.6
7.17,62.7,2,1,6.7,5.4,6.5,6.9,6.6,4.4,8.0,7.9,6.8,7.0,7.7,65.6
6.59,61.5,3,1,5.3,6.0,2.4,4.7,4.6,3.1,3.0,3.1,5.1,5.1,3.6,52.2
6.68,61.7,3,2,7.4,7.4,6.1,6.7,7.4,7.6,6.8,8.8,6.6,6.9,7.6,66.6
4.96,28.9,2,1,0.0,0.0,0.0,2.1,1.9,1.1,0.0,0.2,1.7,1.0,1.2,25.2
8.01,89.8,3,3,8.8,9.5,6.9,7.3,9.2,6.6,8.5,6.8,6.8,8.3,7.3,78.7
9.02,90.3,4,6,6.1,7.3,8.7,9.3,9.1,6.8,6.8,6.4,9.0,6.8,7.4,86.4
5.95,21.2,0,1,1.0,2.5,2.5,2.2,1.6,2.3,2.0,2.6,3.1,2.8,1.9,27.8
7.16,62.6,4,1,6.0,5.1,7.0,6.3,7.0,5.4,4.7,6.3,5.9,6.0,7.0,62.5
9.71,88.8,6,4,8.9,9.7,8.0,7.7,8.7,9.9,7.8,7.5,8.6,8.0,10.0,89.0
6.28,32.9,2,0,4.0,3.1,3.3,2.0,1.5,1.1,0.4,1.5,3.1,0.7,2.4,31.9
8.02,77.7,3,4,7.9,7.3,9.3,8.9,8.7,6.7,8.9,8.9,7.1,7.0,7.8,79.5
5.64,22.3,1,0,0.8,0.3,2.3,2.0,0.7,0.5,0.0,0.0,0.6,1.2,0.0,19.9
6.37,36.3,2,0,1.4,0.0,1.4,0.0,2.2,3.1,0.7,2.1,0.0,1.1,0.0,21.7
6.6,54.4,3,2,4.5,6.6,3.1,4.1,4.1,3.8,2.8,6.6,5.6,5.2,3.7,51.7
7.7,65.4,2,2,6.9,6.1,6.2,7.1,3.8,5.7,6.1,4.6,5.7,7.2,5.2,63.4
4.53,36.8,1,0,5.1,2.7,2.1,5.1,4.5,2.2,4.6,2.7,3.9,2.5,3.6,36.2
4.12,49.0,2,1,2.1,4.2,2.5,5.0,2.2,2.8,3.8,4.6,3.9,2.4,2.2,40.1
5.23,44.0,2,0,1.7,0.3,3.9,3.7,3.0,1.9,1.6,1.6,1.7,2.0,2.5,34.7
9.46,98.3,6,6,10.0,10.0,9.8,10.0,10.0,9.4,9.8,9.0,8.5,10.0,9.5,95.2
8.33,75.8,5,2,10.0,9.3,8.3,8.6,8.5,9.8,6.5,7.5,7.2,7.8,7.1,79.7
9.3,90.3,8,6,10.0,8.4,8.2,8.7,9.8,7.6,7.8,9.6,9.9,8.2,8.5,92.3
8.89,94.6,9,5,10.0,9.2,8.8,9.9,8.2,10.0,9.5,9.0,9.5,7.8,10.0,96.0
5.41,29.9,0,0,3.6,1.5,4.1,0.9,1.6,0.4,0.8,3.1,2.5,3.2,2.2,24.9
8.34,75.1,6,4,7.3,7.5,10.0,6.8,9.7,7.8,7.2,8.5,8.5,8.2,8.8,84.5
8.77,84.4,6,3,8.5,7.5,8.3,7.7,7.6,9.2,9.3,7.3,8.7,7.1,7.0,82.7
8.35,81.5,4,2,4.9,5.7,6.6,7.7,8.4,5.6,8.7,4.9,8.2,5.5,7.6,74.4
6.33,23.3,0,0,2.5,0.0,0.0,1.5,0.0,0.0,2.1,2.7,0.4,1.4,1.3,21.3
8.53,87.5,6,4,6.7,7.4,6.1,7.5,7.1,7.7,8.5,6.7,6.1,5.5,7.5,80.0
6.15,34.0,0,0,1.6,0.7,2.8,3.2,2.3,0.7,3.4,3.7,2.9,2.6,3.8,32.7
8.92,89.7,6,3,7.6,9.1,8.3,10.0,7.5,10.0,8.4,9.5,8.0,10.0,9.6,93.6
8.59,84.1,5,2,6.3,7.5,7.9,8.5,7.7,5.4,7.5,7.9,6.9,7.4,8.2,78.4
8.9,92.4,9,4,8.8,9.3,7.7,10.0,8.8,10.0,9.6,9.7,10.0,9.1,9.7,95.3
7.41,64.6,4,1,3.4,4.8,5.4,2.4,2.3,5.7,3.9,3.9,5.1,3.9,5.7,52.2
8.81,98.7,9,3,7.5,7.8,7.9,9.7,10.0,10.0,10.0,9.4,8.5,10.0,9.9,94.0
8.76,76.9,6,3,7.7,7.7,7.6,6.6,7.7,7.0,5.5,6.6,5.3,7.1,8.0,76.3
5.95,28.8,1,1,2.5,4.6,1.2,1.9,2.4,3.0,1.6,4.8,2.7,4.1,1.9,32.3
8.09,86.9,5,4,7.6,6.6,5.8,7.6,9.2,8.1,7.1,8.5,6.2,8.2,8.6,82.7
8.55,75.1,3,4,8.8,7.7,7.2,9.0,7.1,5.9,6.5,8.2,6.7,6.0,7.0,76.7
7.11,64.0,4,2,5.9,7.5,7.3,6.6,7.7,6.9,5.2,7.6,6.5,6.6,6.9,66.4
6.54,53.9,3,2,4.2,4.3,4.1,2.9,4.9,3.4,5.5,2.5,5.3,3.9,5.6,49.4
4.14,34.5,0,0,0.5,2.2,0.0,2.9,2.0,0.0,1.3,0.7,2.7,0.5,1.8,22.3
9.18,96.9,6,5,9.6,9.5,8.3,10.0,9.0,10.0,10.0,9.5,10.0,10.0,10.0,97.8
7.07,62.5,3,2,6.6,7.3,7.0,6.1,7.0,5.7,6.9,5.4,7.5,5.7,7.5,62.3
8.24,83.1,5,4,6.1,9.2,7.7,8.1,6.1,8.1,8.7,9.5,8.5,8.2,7.5,84.5
8.52,84.5,5,2,6.1,9.2,9.8,7.7,6.1,7.5,7.0,7.5,7.8,9.4,6.7,79.4
8.65,89.4,3,4,5.0,6.5,8.0,5.6,6.8,5.3,7.8,7.2,6.7,8.3,6.5,75.6
6.89,55.9,3,1,5.4,5.2,5.0,7.5,7.6,5.8,7.7,6.0,7.4,7.9,5.8,63.7
8.15,89.7,6,3,7.6,5.7,7.6,5.6,7.7,8.8,8.5,7.0,5.9,5.7,6.6,76.2
8.27,78.4,5,2,8.8,9.1,9.7,8.8,7.7,9.0,8.7,10.0,8.5,9.0,8.3,83.7
6.96,72.4,3,1,3.0,3.6,3.4,5.2,2.5,5.5,3.1,4.2,3.6,4.0,2.8,51.8
9.36,88.3,4,6,10.0,7.8,9.7,7.7,8.4,8.6,7.9,9.0,8.6,8.7,9.9,86.4
7.74,59.0,3,2,6.4,4.8,6.0,6.2,8.1,5.2,7.4,6.2,7.9,5.6,7.9,67.6
8.63,76.3,6,3,5.1,8.7,5.7,5.5,8.1,7.4,5.4,5.8,5.6,8.5,7.4,75.3
8.45,77.2,3,4,7.5,5.7,6.3,8.9,7.0,7.2,7.8,9.2,7.3,8.8,6.4,80.9
7.73,63.7,4,1,6.0,6.3,5.9,5.0,4.3,4.9,5.0,4.1,5.5,6.1,4.7,57.7
6.85,70.5,3,2,5.8,7.1,7.2,7.1,4.3,7.0,4.7,8.0,4.8,7.5,5.3,65.0
7.14,59.5,3,2,6.7,7.1,6.0,4.7,4.8,5.1,7.0,4.8,4.7,7.0,4.7,57.8
7.93,76.0,5,2,7.8,6.1,9.3,6.7,7.1,7.4,7.1,9.0,6.5,7.4,7.0,74.3
4.48,38.1,1,1,0.0,2.4,0.3,0.6,0.0,2.3,1.1,3.1,0.3,0.3,1.8,22.6
8.33,88.2,4,3,7.7,8.7,6.2,7.1,8.5,9.1,7.1,8.5,7.0,9.2,7.4,80.4
4.29,48.6,2,0,0.6,0.8,2.9,1.6,3.4,2.3,2.0,2.1,2.3,1.7,3.7,29.9
6.35,29.3,2,1,3.5,2.4,3.2,1.8,0.7,1.4,3.6,3.1,3.6,1.1,2.6,31.2
4.8,20.6,2,0,3.5,3.8,4.5,3.1,2.9,2.9,3.9,4.3,2.4,3.1,2.4,31.7
7.67,65.4,4,1,8.5,4.8,6.3,7.3,4.6,8.0,6.0,5.6,6.9,5.2,7.3,66.5
4.77,35.1,1,0,2.8,3.8,0.4,3.9,1.0,2.1,0.6,2.2,0.7,2.4,2.6,30.7
6.34,21.4,2,1,2.3,5.6,2.1,1.8,5.0,3.3,4.2,4.5,3.8,5.0,4.4,37.4
7.71,66.7,3,1,6.2,6.0,6.0,3.3,5.9,5.5,5.1,6.0,5.5,4.1,4.3,53.4
4.77,31.4,2,0,4.7,4.9,3.6,2.5,3.1,4.1,4.3,2.1,2.5,3.9,3.1,33.9
4.87,44.2,0,0,1.4,2.8,4.4,3.4,3.3,2.5,3.9,2.1,3.8,2.1,2.2,30.9
7.48,58.0,2,2,6.4,4.9,5.8,5.8,5.0,7.2,4.3,6.2,5.2,6.8,5.5,60.1
7.31,53.3,3,2,5.4,5.4,3.4,4.4,3.4,4.3,6.5,7.0,4.5,5.5,4.2,56.0
7.73,68.7,2,2,3.9,4.2,5.7,6.3,6.5,7.4,6.5,4.5,6.7,6.8,6.1,62.7
6.79,71.3,3,1,3.3,4.7,6.3,5.5,3.8,2.7,3.3,5.0,4.9,3.7,3.9,53.4
8.01,80.0,6,4,6.7,8.6,7.7,6.7,6.3,9.7,7.9,6.6,7.4,8.6,8.7,84.1
6.34,43.6,0,0,3.7,1.7,1.8,1.8,4.7,4.1,3.8,2.2,4.9,3.5,3.4,34.8
8.51,84.1,5,4,7.3,10.0,6.9,7.4,9.9,9.2,6.6,7.9,7.1,8.0,7.4,83.2
7.49,56.2,2,2,5.0,7.6,6.7,5.9,6.5,7.3,5.9,4.3,7.6,7.0,7.2,62.2
7.99,75.5,5,3,7.3,7.9,10.0,7.0,8.3,9.9,8.0,6.5,8.4,9.6,7.8,81.3
7.75,69.9,3,1,7.3,4.2,7.0,4.6,4.5,5.1,6.5,4.7,6.2,6.8,5.3,60.3
9.75,91.0,9,6,8.8,10.0,10.0,10.0,8.1,9.8,10.0,10.0,10.0,10.0,9.7,98.3
7.8,80.3,4,3,8.3,4.7,7.7,7.0,6.8,5.9,8.1,5.5,5.3,7.7,7.9,73.7
5.97,42.2,1,1,1.2,1.8,3.2,0.0,1.1,3.3,0.5,0.8,2.4,0.3,2.6,25.7
6.5,55.9,3,2,4.8,2.6,3.6,3.6,5.7,3.3,3.5,4.8,3.1,4.5,3.4,47.8
4.81,24.9,2,1,0.0,0.0,1.6,0.5,0.2,2.6,1.3,2.0,0.2,2.6,1.4,21.8
7.54,63.1,2,2,3.5,3.9,6.3,6.3,5.3,2.8,3.3,4.6,4.2,3.4,5.0,54.9
6.97,56.6,4,1,4.3,3.7,4.9,2.4,4.7,5.9,2.4,4.4,3.9,3.5,4.7,50.5
7.51,51.9,3,1,4.1,5.2,6.4,4.9,5.8,3.9,3.0,3.3,4.3,3.7,5.3,54.6
8.91,97.9,5,6,6.5,9.3,9.0,9.9,8.4,7.8,8.9,7.6,7.2,9.3,7.6,90.6
4.32,38.3,2,0,1.1,3.8,3.1,3.6,3.4,3.7,2.1,2.6,2.2,3.6,1.9,31.0
8.03,76.5,3,2,6.0,7.0,6.8,6.7,8.8,8.4,7.9,9.3,6.0,6.4,6.2,71.6
7.07,66.1,4,2,7.2,3.8,7.3,5.5,6.1,6.5,5.1,3.8,4.5,5.0,4.3,60.8
8.1,89.6,3,2,6.8,8.4,6.4,8.2,8.8,6.8,9.7,7.2,9.4,6.9,7.8,81.6
7.81,77.3,6,2,6.1,7.5,6.6,5.6,7.8,7.5,6.1,8.5,5.1,7.2,6.9,72.3
8.37,75.7,6,2,5.1,5.3,5.3,7.9,7.5,5.4,6.0,7.8,7.7,5.4,5.9,74.0
6.48,37.1,0,0,0.8,2.6,1.7,2.6,0.5,2.3,0.0,0.3,1.7,2.3,2.4,26.3
5.77,41.6,0,0,0.0,0.4,0.6,0.5,2.4,0.3,2.8,3.6,2.8,1.1,1.1,25.0
7.69,50.2,3,1,5.9,3.8,6.6,7.0,3.3,5.7,4.4,5.2,4.8,5.8,4.4,57.3
6.37,20.5,1,0,4.7,2.6,3.5,2.5,2.5,3.7,2.4,4.3,4.4,4.4,3.5,34.1
7.4,62.7,3,2,7.1,6.3,4.1,5.8,4.4,5.4,3.7,5.5,5.4,4.6,5.2,58.7
7.81,84.6,5,4,6.2,7.5,7.2,5.6,6.8,8.3,9.4,8.4,7.2,7.8,8.6,81.3
7.76,70.0,3,2,7.5,7.5,6.1,8.6,7.3,5.3,6.3,6.3,6.3,8.1,7.3,70.8
8.87,92.7,4,5,10.0,9.1,10.0,10.0,9.9,8.2,10.0,10.0,9.8,10.0,10.0,94.4
8.46,76.0,4,4,8.4,6.3,7.0,7.6,7.9,8.1,6.6,9.2,6.0,6.4,6.9,77.7
7.6,50.3,4,1,5.8,6.9,6.6,7.3,5.5,6.9,5.6,7.1,7.2,5.1,4.7,60.1
6.62,59.3,2,1,5.5,4.7,6.1,5.1,4.9,3.8,4.5,6.4,6.7,6.3,6.0,57.5
8.54,88.6,3,4,6.5,7.3,5.8,6.5,5.3,4.8,8.0,7.2,7.3,7.1,6.2,72.9
7.69,50.3,4,2,4.2,7.2,3.7,6.3,5.5,3.8,6.5,5.5,4.3,6.5,6.9,60.8
9.61,98.3,9,6,10.0,10.0,9.3,9.5,9.5,7.4,7.8,8.7,8.8,9.0,10.0,95.3
5.65,20.0,1,1,0.0,1.7,1.7,1.9,3.1,0.7,1.2,2.6,0.6,0.5,0.7,22.5
5.89,48.9,0,1,4.1,4.4,1.9,4.6,2.8,2.5,2.0,2.4,4.2,3.3,4.0,39.3
7.21,56.2,2,2,3.8,4.6,7.5,4.6,4.9,7.0,5.5,6.4,6.6,6.4,6.9,57.9
5.54,46.6,2,0,2.1,2.1,1.8,4.7,4.2,1.1,3.4,2.5,2.6,2.4,1.7,38.1
9.62,89.6,7,4,8.6,9.9,8.2,7.7,8.0,9.6,10.0,10.0,9.2,7.9,7.5,90.8
7.29,67.8,4,1,8.4,5.0,6.4,6.9,7.2,5.3,4.9,7.4,6.7,7.7,6.7,67.4
9.65,95.2,6,6,8.0,9.4,8.2,6.2,7.3,6.8,9.7,8.7,7.4,6.8,7.3,84.6
4.81,36.1,1,0,2.1,5.9,3.5,3.6,5.0,4.0,3.3,2.9,3.2,5.2,3.3,36.9
6.96,52.2,4,2,5.5,2.8,3.8,5.3,5.8,5.3,5.0,5.5,5.9,5.2,5.7,56.1
8.5,85.7,5,2,8.6,7.9,8.5,8.4,8.7,9.7,8.1,6.4,7.5,8.1,6.7,80.7
6.34,41.1,2,0,2.8,1.3,1.9,2.1,1.0,1.8,2.0,2.8,0.6,3.0,2.4,31.6
6.58,70.4,3,1,7.2,5.3,4.4,6.0,6.5,4.7,6.9,4.1,7.0,5.2,4.8,59.4
6.56,56.3,4,1,5.6,4.3,3.4,3.3,4.2,3.3,5.6,3.7,4.3,5.2,4.8,50.7
9.67,89.7,7,6,10.0,8.9,8.0,10.0,8.8,10.0,9.5,9.8,8.2,10.0,10.0,96.1
6.94,54.1,3,1,2.6,4.3,5.5,5.5,4.9,2.4,3.1,2.7,2.9,3.6,5.8,51.3
7.36,53.0,2,2,4.7,5.8,7.6,4.3,5.2,4.8,6.7,6.4,5.6,5.3,6.1,57.1
4.57,35.6,0,1,0.7,0.7,2.7,2.6,3.4,2.6,2.1,2.7,2.2,1.0,2.6,27.2
8.43,87.0,6,4,8.6,6.1,7.1,7.0,7.3,7.5,8.2,9.1,7.5,8.9,9.0,87.3
4.79,44.8,2,1,2.9,1.8,2.2,0.0,2.1,1.5,0.9,0.2,0.4,0.6,1.0,23.6
6.41,23.2,2,0,3.0,3.5,3.9,3.6,5.2,3.3,3.5,5.1,4.1,5.1,4.4,39.7
8.4,84.6,5,4,7.2,6.8,9.0,6.9,6.4,6.6,8.5,6.5,6.4,7.4,6.9,80.0
7.53,61.2,4,2,7.1,7.5,6.8,5.5,6.9,6.8,8.7,6.7,6.6,5.9,7.3,67.6
6.07,27.4,0,1,4.5,1.5,2.7,2.1,4.1,0.9,2.1,1.7,2.4,4.0,1.5,29.7
8.13,79.4,5,3,5.7,7.0,8.9,6.5,8.6,8.0,7.1,5.3,6.3,7.3,6.4,75.5
9.25,93.5,9,6,9.2,10.0,8.9,10.0,9.6,9.0,10.0,7.9,9.8,9.0,8.9,95.7
8.39,84.7,6,3,10.0,7.3,6.9,6.8,8.3,9.4,7.3,8.2,7.0,7.7,8.0,84.7
8.35,87.8,5,3,9.1,6.0,6.2,7.1,7.5,8.7,7.5,6.9,8.3,7.3,6.4,80.5
7.43,66.3,3,2,3.8,5.3,4.9,2.8,4.8,5.5,5.9,4.6,5.8,4.6,5.7,55.4
8.21,82.5,4,4,8.9,8.2,7.3,8.1,8.6,6.7,6.2,8.5,7.3,8.5,8.9,81.6
8.92,98.7,6,3,8.9,7.8,9.2,7.5,7.3,8.7,7.4,8.3,8.9,8.3,7.1,86.1
7.88,76.5,6,4,7.2,6.6,7.4,7.7,7.4,5.2,6.1,7.7,8.0,7.5,5.5,78.3
4.73,24.3,0,0,4.5,3.0,1.0,3.2,4.1,2.8,3.8,3.3,3.9,1.9,2.8,29.5
9.44,89.2,4,5,10.0,8.1,10.0,10.0,10.0,9.4,8.7,8.9,10.0,9.9,9.5,95.0
4.02,23.7,2,0,3.1,3.9,4.5,3.8,2.9,5.8,4.4,3.1,5.3,2.5,4.7,34.8
7.06,54.3,3,1,6.1,4.9,4.3,3.9,5.5,4.2,6.1,4.8,5.0,5.0,5.4,54.1
8.42,89.1,5,4,8.4,6.3,8.1,9.0,6.7,6.1,7.4,6.1,7.4,8.1,7.7,84.9
8.84,91.4,9,6,9.7,8.1,6.2,7.5,8.3,7.6,8.5,9.3,9.6,7.5,6.9,88.4
7.2,58.7,3,1,4.1,6.5,5.4,3.8,3.0,3.2,3.8,6.1,5.2,4.2,5.2,53.1
9.52,89.9,9,5,8.7,10.0,7.3,8.8,7.5,10.0,9.1,7.6,8.6,9.8,9.6,92.9
5.44,24.4,0,1,2.3,0.9,3.2,0.0,1.4,3.7,0.7,1.5,2.5,2.1,1.5,23.1
5.16,28.8,1,1,3.8,2.9,2.0,1.8,3.8,2.1,3.9,1.2,4.1,2.8,3.3,32.0
7.7,69.3,3,1,7.6,7.6,5.3,7.7,7.6,5.2,6.0,7.0,6.5,7.6,7.9,68.1
8.27,79.4,4,4,4.9,7.1,5.4,8.2,8.5,5.2,6.5,6.8,7.5,5.7,7.7,77.5
5.3,33.3,2,0,1.7,0.4,3.1,1.3,0.4,1.1,3.5,0.9,2.1,0.3,0.4,24.4
5.95,30.5,0,0,3.1,1.3,0.6,2.0,0.0,0.2,1.1,3.5,1.9,2.7,1.7,26.7
8.13,87.2,4,4,5.5,8.3,6.9,7.7,6.5,8.2,6.4,7.4,6.8,8.7,6.3,79.0
8.39,78.5,3,3,9.4,6.2,6.1,6.3,6.0,8.1,9.4,6.6,7.2,8.9,8.0,75.5
8.25,78.6,5,3,7.5,8.0,8.2,9.1,9.0,8.9,10.0,8.6,9.2,7.6,8.5,84.5
8.4,80.8,3,3,8.5,9.0,8.4,8.9,9.0,10.0,7.5,7.4,8.3,9.5,7.6,82.3
6.16,20.8,1,0,2.6,2.2,4.6,2.0,5.4,3.6,3.6,5.4,3.4,3.4,3.1,31.6
7.71,73.1,4,1,6.9,6.1,7.8,4.5,4.7,5.1,6.9,6.8,5.3,6.3,4.9,62.6
4.62,49.5,1,1,2.3,3.9,4.3,2.5,1.5,4.0,3.9,2.1,4.3,4.3,2.9,35.9
8.09,76.1,4,3,9.1,7.2,7.9,6.8,7.0,9.0,6.2,6.7,7.9,6.1,7.3,75.1
7.76,71.9,4,1,3.6,6.8,5.3,6.5,5.4,5.1,3.2,4.4,4.7,4.3,5.8,62.3
6.58,56.9,2,2,6.3,4.3,6.6,5.6,5.7,4.7,5.5,3.9,5.8,5.9,5.9,56.4
8.21,77.4,4,3,8.1,5.6,6.0,7.0,7.6,6.7,5.5,8.0,6.7,7.6,6.4,73.7
4.72,37.8,1,1,2.4,3.1,2.1,2.4,0.7,3.2,3.8,1.7,3.4,2.6,3.6,31.9
8.96,92.7,9,3,10.0,10.0,8.9,8.7,8.8,7.9,10.0,9.6,9.9,10.0,8.7,92.8
6.07,50.0,1,1,1.1,2.4,0.8,3.7,3.0,4.6,2.5,1.4,1.9,3.0,2.5,36.7
5.97,26.0,2,1,0.3,1.7,2.2,0.2,2.5,3.2,2.3,0.4,3.0,2.4,1.5,28.4
7.76,55.4,3,1,6.1,5.9,6.5,3.7,6.6,3.6,3.9,4.5,5.2,6.8,5.2,55.3
6.82,50.0,3,1,6.7,8.3,7.0,6.7,8.4,5.1,7.2,5.9,6.8,6.5,6.6,61.9
6.72,52.6,4,1,5.4,6.1,5.3,7.1,5.0,4.7,6.6,4.3,5.8,6.5,6.2,60.2
7.74,74.6,2,2,3.5,3.9,6.4,6.7,3.7,5.0,4.2,4.3,6.4,6.9,5.4,63.7
7.71,62.5,2,1,6.7,7.7,4.3,4.6,6.9,4.3,4.5,7.0,6.7,5.6,7.1,58.1
6.68,72.1,3,1,5.9,5.6,4.6,5.8,5.9,5.9,3.4,5.2,3.6,5.0,5.9,56.6
6.74,62.2,2,2,5.5,5.8,6.0,7.8,7.6,6.1,8.1,7.0,7.4,7.0,7.8,67.1
7.64,57.6,4,1,4.6,3.2,4.2,5.1,3.6,2.5,3.0,5.0,4.1,5.4,4.0,52.2
8.46,82.6,4,2,5.2,8.4,5.3,5.8,5.5,8.3,7.6,6.9,7.5,8.2,7.7,72.2
8.22,88.0,4,3,8.0,9.7,7.5,8.0,6.6,7.8,9.4,8.3,7.9,8.2,6.9,81.2
8.64,83.9,5,3,7.1,6.7,7.1,7.8,4.8,7.3,5.1,7.1,6.1,8.2,7.5,78.4
7.78,57.9,3,1,3.5,5.0,6.0,3.0,4.9,4.0,5.8,3.6,5.6,4.0,3.3,48.9
7.43,66.4,2,2,5.5,4.6,5.3,5.3,5.5,5.1,4.1,3.4,5.5,3.7,3.1,52.9
6.58,57.3,4,1,4.6,4.7,4.3,6.4,5.2,7.0,6.9,7.8,7.3,4.9,7.1,62.5
6.52,59.8,2,2,6.3,6.1,4.9,4.3,6.2,3.8,6.6,4.7,6.7,4.7,6.0,53.8
6.38,37.8,2,0,3.5,1.3,3.7,3.9,2.0,2.3,4.5,3.0,2.8,2.9,1.5,37.6
6.95,64.0,2,2,4.8,6.2,6.8,6.0,5.2,5.6,5.6,5.7,5.3,5.3,4.2,60.3
6.38,45.3,1,1,1.7,2.6,3.7,1.3,1.8,3.2,0.0,0.3,3.2,1.1,1.5,30.1
7.77,67.2,3,2,6.3,7.6,4.4,4.6,6.8,5.2,5.4,6.9,5.8,6.6,5.8,63.6
6.62,73.2,4,1,5.5,5.9,6.7,5.7,6.1,8.1,5.9,8.3,5.5,7.3,5.6,64.8
9.15,97.5,9,6,9.6,7.8,9.5,9.6,8.2,10.0,9.3,7.9,7.9,8.3,8.7,92.5
5.2,42.2,2,0,3.0,1.5,1.5,4.5,2.6,1.5,1.5,3.7,2.9,3.7,1.6,37.2
5.01,27.4,2,1,1.2,2.0,1.8,3.9,1.3,1.2,4.0,3.5,2.4,1.4,3.3,33.1
6.82,58.1,2,1,7.1,4.9,7.1,4.7,6.0,6.2,4.6,6.4,5.4,5.5,7.2,56.7
9.71,89.8,9,4,10.0,8.6,10.0,9.8,10.0,10.0,10.0,10.0,10.0,10.0,8.8,99.3
7.21,58.3,3,2,4.6,4.3,3.3,5.6,4.6,6.7,5.4,5.5,4.0,3.9,5.9,56.0
8.33,76.6,6,4,7.1,5.0,6.1,6.0,7.5,8.7,6.6,7.2,6.8,7.4,8.2,79.0
7.16,62.9,2,1,7.6,8.8,6.6,8.5,7.1,6.4,6.3,5.5,6.6,8.4,6.3,66.6
7.86,82.0,4,2,6.4,7.4,7.0,5.0,5.4,7.2,5.8,7.9,8.0,6.7,7.5,69.5
6.7,70.3,4,1,2.9,4.8,4.7,6.4,4.6,5.5,5.3,4.6,5.7,5.6,4.1,58.3
4.44,22.8,0,1,3.3,0.1,2.1,3.6,0.8,1.8,0.2,1.8,0.3,0.7,2.4,24.0
8.44,82.2,3,2,6.2,6.3,8.3,8.3,7.7,9.0,8.4,6.8,7.6,7.8,9.1,75.5
5.3,31.0,2,0,3.6,2.6,3.9,4.8,4.3,2.8,4.9,4.6,3.3,2.7,4.0,39.6
8.55,75.9,3,4,8.4,7.4,5.6,7.9,5.6,5.8,7.8,6.1,7.3,8.6,8.1,78.4
7.25,65.6,4,2,7.0,5.7,7.4,5.1,5.7,5.6,8.4,7.4,6.4,5.5,6.5,65.3
8.1,87.2,3,3,8.4,7.5,6.4,10.0,9.9,7.1,7.8,6.4,7.8,8.4,8.4,85.4
5.94,29.0,2,1,0.8,2.2,1.3,4.1,3.9,2.7,3.6,2.3,3.6,3.5,4.0,39.3
6.07,47.2,2,0,0.7,1.8,1.9,3.9,3.4,2.6,1.1,1.9,1.3,1.8,3.3,34.3
6.03,28.5,2,1,2.1,0.5,0.3,1.9,0.1,0.0,0.2,2.6,1.7,2.4,2.2,27.9
7.09,68.7,4,1,4.8,6.8,7.0,8.0,7.5,6.6,7.4,7.5,7.5,6.0,7.9,69.4
8.17,77.7,5,3,7.8,7.0,8.9,9.4,8.7,6.5,8.6,9.5,6.8,7.4,7.3,83.6
8.28,77.4,6,3,8.3,6.8,7.2,7.9,7.5,7.9,6.5,7.3,7.1,5.7,6.5,77.7
6.47,26.9,2,1,3.6,4.7,2.9,1.1,1.5,3.5,3.6,1.4,3.0,2.2,2.1,33.5
6.98,53.5,3,1,4.5,7.2,4.7,7.2,4.0,6.3,6.2,4.1,6.9,5.8,6.2,62.2
7.88,77.5,4,3,5.6,8.7,7.7,7.7,7.4,7.8,8.0,6.8,6.6,6.5,6.7,75.9
7.14,66.3,4,2,5.0,2.8,4.3,2.5,5.6,4.4,4.7,5.7,5.4,4.2,4.7,51.7
6.51,68.9,2,2,5.3,7.1,7.6,6.8,7.5,5.5,5.3,7.3,7.7,6.1,5.3,62.2
9.55,99.1,6,6,8.5,7.0,8.1,10.0,6.9,10.0,7.6,8.3,8.9,8.9,9.7,97.6
7.17,50.3,2,1,5.3,4.7,4.7,5.3,6.9,7.6,5.0,5.9,5.3,6.2,6.7,56.3
5.0,29.1,1,0,3.3,0.3,3.5,0.5,0.0,2.2,1.1,1.5,1.2,0.4,1.3,21.6
6.52,64.4,2,2,7.6,7.8,5.1,6.5,8.7,7.4,5.5,6.4,5.5,6.6,6.7,64.0
7.13,73.0,2,1,4.2,7.0,4.1,5.4,3.8,5.4,6.8,3.8,5.9,5.3,4.7,58.5
7.14,52.3,3,1,7.5,8.2,6.8,7.7,6.5,8.3,6.8,7.0,7.3,7.4,7.6,65.8
8.2,86.2,5,2,5.4,7.6,5.0,7.2,8.2,6.5,6.9,6.9,7.8,8.0,7.5,76.7
5.16,39.3,1,1,1.7,4.0,1.2,2.3,4.3,2.9,1.7,1.0,3.5,1.9,1.3,30.5
7.46,70.2,2,1,6.5,5.6,7.4,5.6,5.7,7.7,5.4,8.9,7.3,7.4,8.3,63.5
4.01,38.0,1,1,3.3,3.7,3.3,0.6,1.0,2.9,0.9,1.3,2.4,3.9,1.6,27.8
9.59,96.1,8,4,10.0,7.7,9.1,10.0,7.9,7.7,10.0,9.1,8.8,8.9,9.2,94.7
7.69,51.0,4,2,5.6,4.1,3.6,3.2,3.6,4.4,5.2,5.7,4.2,4.6,5.1,53.5
8.13,83.8,5,2,9.2,5.6,6.7,8.4,7.1,7.7,7.8,7.3,7.7,8.6,6.9,79.6
8.72,82.4,6,4,6.2,6.0,9.4,7.0,7.2,9.1,6.2,6.0,9.2,7.1,7.7,82.3
9.71,89.3,4,3,8.8,7.4,10.0,7.4,7.1,7.8,9.7,9.7,8.5,8.5,9.9,87.0
7.3,60.1,2,2,5.7,6.0,6.6,3.8,4.9,6.4,4.5,6.5,6.7,5.9,5.4,56.8
7.24,63.3,2,1,6.4,6.7,6.5,5.0,7.0,6.0,4.9,7.0,6.4,5.8,7.1,58.3
7.77,69.0,4,2,5.2,5.1,5.0,3.1,2.4,2.7,4.7,3.9,5.0,5.1,5.1,55.1
6.73,53.7,2,2,5.7,6.8,6.4,6.1,6.5,4.7,6.3,6.2,4.9,5.6,6.7,58.1
4.78,33.2,2,1,2.4,2.7,2.5,2.3,1.5,1.2,1.8,1.2,2.2,1.2,2.8,30.4
8.13,87.5,6,4,6.1,7.4,9.1,8.3,5.8,6.5,5.9,7.2,7.2,7.4,7.6,84.0
9.67,95.6,7,4,10.0,8.2,9.1,8.0,10.0,7.0,8.6,8.8,9.9,7.9,9.0,93.0
7.0,52.7,4,1,4.4,3.3,5.2,2.6,4.2,5.3,4.3,2.6,4.0,3.7,4.0,46.7
5.81,23.5,1,0,2.9,0.0,1.6,1.4,0.6,0.0,0.3,3.0,0.1,1.3,0.0,21.0
5.91,29.1,0,1,4.9,4.1,5.9,3.0,3.5,2.7,4.0,3.1,3.9,4.2,4.5,34.3
5.39,32.9,2,1,2.2,2.1,1.1,0.0,2.6,3.0,2.3,0.5,2.3,2.0,0.1,24.9
6.74,67.1,2,2,6.3,5.3,7.1,6.0,4.9,6.9,6.1,6.2,4.4,4.8,5.0,56.8
6.88,66.7,3,1,7.2,7.3,4.7,7.9,5.7,5.0,4.8,6.2,5.9,8.0,6.2,64.0
5.57,27.3,1,0,1.7,3.1,3.1,3.1,1.4,3.8,1.3,3.4,1.2,2.3,2.8,28.7
7.46,68.1,2,2,5.5,5.1,6.1,8.2,6.2,7.1,5.5,7.9,6.8,6.9,6.8,67.3
4.36,49.4,1,0,0.8,2.0,0.4,2.5,2.1,0.0,0.5,0.3,2.1,2.3,2.4,25.7
6.9,61.2,2,2,6.5,3.5,3.4,3.4,3.4,3.7,6.4,5.3,3.9,6.1,6.1,53.8
8.23,75.0,4,2,8.7,7.1,6.7,8.0,7.7,9.0,7.0,9.1,7.3,8.6,8.4,78.5
7.02,59.1,4,2,5.4,6.0,3.9,4.5,4.2,5.0,5.7,4.2,6.0,5.6,3.9,57.0
8.39,85.2,6,3,5.9,8.9,5.7,6.4,7.3,8.5,6.3,7.1,7.2,6.4,7.5,79.1
5.73,20.1,0,0,1.2,3.3,3.5,2.7,3.0,3.6,2.0,0.8,3.8,3.7,3.5,27.5
4.44,30.0,2,1,2.7,2.9,2.0,0.3,2.3,0.4,3.3,1.3,0.7,0.4,3.1,22.2
5.76,39.6,1,0,0.9,0.3,2.7,1.8,3.6,3.2,2.3,1.8,0.7,3.2,1.4,29.6
4.22,41.6,0,1,5.1,4.1,4.0,1.6,3.4,3.0,3.6,1.2,1.8,1.8,3.4,31.9
7.68,61.7,2,1,5.2,3.5,4.9,3.4,2.2,3.7,4.7,3.9,4.5,2.8,5.3,47.8
7.77,53.0,4,1,7.5,7.6,5.9,6.5,8.4,7.4,7.1,5.9,7.8,8.2,6.0,69.7
5.07,46.4,2,1,1.7,1.2,3.4,0.4,2.8,1.9,0.6,0.8,2.0,2.5,1.2,28.9
7.77,51.1,4,2,6.8,3.5,3.9,4.2,5.4,7.2,5.7,3.9,5.5,3.9,4.8,55.8
8.26,77.2,3,3,7.1,7.9,9.0,7.4,6.9,7.9,7.2,6.4,6.2,7.2,8.1,75.8
9.21,94.5,7,3,10.0,10.0,8.3,9.0,8.7,10.0,10.0,8.5,9.1,9.8,9.0,90.9
8.62,85.9,6,2,6.0,8.4,8.6,7.9,7.0,8.3,9.1,6.9,7.4,7.4,8.7,81.5
8.12,82.4,4,3,7.3,7.3,8.6,7.5,7.2,7.2,6.6,7.1,5.8,6.3,7.1,74.1
8.46,87.6,6,4,7.5,7.2,8.4,5.8,8.4,6.6,6.6,6.5,6.1,7.3,8.5,78.5
4.36,34.2,2,1,2.1,1.2,1.5,3.4,2.5,2.9,1.3,0.5,0.8,2.4,1.2,28.5
6.24,36.0,1,1,0.1,3.2,0.2,0.5,0.0,0.0,3.3,0.0,0.9,1.5,0.9,25.5
8.7,79.9,5,4,5.9,5.3,7.7,6.9,6.0,7.6,6.0,6.0,6.1,8.2,7.5,78.9
8.65,85.0,3,3,7.5,7.9,8.2,6.2,9.0,8.8,6.6,7.6,8.8,7.4,9.1,78.7
8.15,85.2,6,2,4.8,4.9,8.7,7.6,7.3,6.9,5.4,6.8,7.8,5.5,6.0,74.9
4.11,20.9,0,0,1.4,4.8,1.8,3.7,2.2,3.4,3.3,4.8,2.7,2.7,4.5,31.5
4.45,38.3,2,0,4.0,5.0,2.1,2.3,2.0,4.2,1.6,4.0,3.5,2.9,2.8,34.7
6.92,71.6,3,1,3.7,4.6,2.7,3.7,4.2,5.2,4.2,6.1,5.4,3.5,6.1,52.9
6.97,56.2,3,2,7.0,5.0,4.8,5.0,4.9,7.6,6.7,6.2,7.2,5.0,6.7,61.4
7.47,55.0,4,2,5.0,6.4,6.9,6.9,6.0,7.3,7.7,5.7,6.3,6.0,5.4,64.0
8.19,82.9,5,2,5.4,5.2,6.5,7.2,7.1,6.5,8.1,7.3,7.9,6.7,6.5,75.8
7.43,63.5,2,1,5.8,7.2,5.0,7.1,8.5,8.1,7.5,6.2,5.8,6.4,8.0,62.6
9.26,90.0,5,6,7.4,7.8,9.1,8.5,7.1,9.6,10.0,7.1,9.1,8.8,7.5,88.9
7.94,81.0,6,2,8.4,8.4,7.0,5.8,5.1,6.5,5.3,7.8,6.1,6.9,6.9,74.8
7.52,61.8,3,2,4.1,3.9,4.8,4.7,5.6,3.2,4.1,2.4,4.0,3.1,2.7,51.0
6.7,65.8,4,2,5.4,5.7,5.8,6.5,7.5,4.8,6.6,4.0,7.2,7.3,4.8,64.8
6.7,73.7,2,1,5.9,3.7,5.4,4.2,5.3,4.9,4.9,3.8,5.4,4.6,3.7,51.4
6.67,52.9,2,2,3.8,4.3,3.6,2.9,5.8,5.5,3.8,4.0,5.1,4.8,3.2,47.4
7.77,63.9,2,2,7.2,7.1,5.8,6.9,6.3,5.8,7.9,8.7,6.4,6.2,6.4,65.0
5.36,24.4,2,0,3.9,3.8,3.6,3.9,4.1,3.5,4.4,3.8,4.8,4.7,2.3,38.7
6.97,53.1,4,1,5.2,4.1,2.5,3.8,5.3,5.4,4.1,5.0,3.2,5.4,3.7,48.8
7.0,74.2,3,2,4.1,5.6,3.2,3.8,5.5,3.0,3.1,4.5,5.0,4.2,4.9,54.3
7.61,58.3,3,2,5.7,7.9,6.8,5.9,5.4,7.4,8.7,6.7,7.7,8.2,7.1,68.6
9.2,96.4,8,6,8.6,9.0,8.3,7.1,6.3,6.7,7.3,9.7,6.9,9.1,9.6,87.9
8.27,83.5,6,3,4.9,5.0,6.9,5.9,7.2,6.6,7.3,7.9,5.3,5.2,7.4,71.9
7.7,63.7,3,2,5.4,4.7,3.8,4.9,2.9,3.9,3.9,3.9,2.9,4.9,5.4,53.6
7.43,72.9,3,2,4.8,6.6,5.8,7.1,7.4,5.1,6.4,5.4,7.1,6.0,6.4,66.2
8.96,96.8,4,3,6.7,8.1,9.6,9.0,6.7,8.0,6.4,8.9,9.2,9.1,6.8,87.5
5.37,49.8,2,0,3.3,2.1,2.5,2.1,1.9,3.8,2.7,1.2,1.0,3.0,1.2,31.6
8.83,99.1,4,3,9.5,9.7,9.7,9.7,8.9,10.0,8.5,7.7,9.1,9.0,9.2,90.5
8.46,77.8,6,2,6.6,7.8,8.9,6.3,9.2,6.1,6.9,9.4,9.0,8.7,7.9,79.0
9.13,97.0,6,5,10.0,9.5,9.7,8.1,8.6,9.5,9.7,10.0,10.0,9.6,7.5,93.2
6.67,53.9,3,1,5.0,5.4,5.8,3.7,5.7,4.1,3.1,4.9,5.8,5.4,4.6,52.5
7.03,60.6,3,2,4.5,7.0,5.7,4.4,4.6,6.7,6.7,5.2,6.8,7.2,5.5,61.0
5.84,43.2,1,0,3.3,2.3,2.9,5.0,4.5,3.3,2.9,4.4,2.8,4.7,4.6,39.7
4.21,45.3,2,0,2.4,2.4,0.9,3.7,3.3,2.2,1.3,0.2,2.9,1.7,3.2,32.7
7.79,55.6,2,2,4.6,4.1,5.1,5.9,4.3,6.0,3.4,6.5,3.9,4.1,5.4,54.9
7.21,72.0,2,1,6.0,7.1,4.9,5.5,4.7,5.2,7.9,4.5,6.8,7.3,5.5,62.0
4.07,35.4,1,1,2.2,3.5,2.7,3.5,3.4,4.8,1.3,3.7,1.7,4.3,2.9,33.5
4.8,30.5,1,1,3.3,4.0,1.7,1.5,4.8,3.3,1.6,2.3,4.5,2.2,2.6,30.2
7.59,56.4,4,2,6.9,5.7,6.2,8.8,7.2,5.5,6.8,8.4,5.8,6.9,6.3,68.9
7.51,54.0,4,2,4.3,5.6,5.3,3.0,4.1,4.5,4.8,5.5,4.9,3.8,4.2,52.5
8.75,85.8,5,3,7.3,7.1,8.8,6.0,8.5,6.3,7.7,5.5,6.6,7.6,6.4,74.5
7.94,75.3,4,3,10.0,8.6,8.5,7.7,10.0,7.5,8.7,8.5,8.8,7.7,8.6,81.8
7.1,74.8,3,1,7.2,4.4,4.5,5.8,4.8,6.1,5.3,3.9,5.7,6.4,6.8,61.3
4.76,39.6,0,0,1.5,0.3,3.6,1.7,2.7,0.5,3.6,2.0,1.2,2.4,3.2,25.1
9.59,88.6,7,5,10.0,8.5,7.8,10.0,9.2,10.0,7.9,8.3,10.0,8.5,9.9,96.3
4.49,31.8,0,1,3.1,3.0,1.6,0.2,1.8,0.0,0.0,0.0,2.6,0.7,2.6,18.8
7.68,72.6,4,1,7.3,7.3,8.5,8.5,7.0,7.6,6.5,6.5,7.9,6.3,5.4,72.2
8.05,82.1,3,3,6.3,6.3,5.5,6.2,7.9,8.4,5.6,6.8,6.6,6.5,6.4,72.6
8.36,87.8,5,2,6.2,7.6,6.0,7.3,6.8,8.0,5.6,6.9,8.1,7.4,7.9,76.1
7.43,72.4,3,2,6.3,6.9,4.8,6.3,6.8,7.3,5.5,7.7,6.4,4.9,5.1,63.7
4.66,27.4,2,0,3.1,4.1,2.9,4.2,3.9,1.4,3.9,2.7,2.5,2.0,2.5,32.8
5.32,34.7,2,1,0.6,1.6,1.6,0.6,1.1,2.4,0.0,0.0,0.7,1.5,2.5,23.5
6.29,22.0,0,1,3.1,3.8,4.6,4.6,2.6,2.6,4.8,3.2,2.3,4.1,2.4,35.9
7.1,56.1,3,2,5.5,6.2,5.5,6.1,4.2,3.5,5.7,5.7,6.4,4.7,5.9,61.0
7.09,70.7,2,1,5.3,4.2,4.1,3.9,5.4,5.5,3.4,3.0,5.1,4.0,5.4,51.4
8.85,99.9,8,4,8.9,7.4,9.4,9.4,7.8,10.0,10.0,9.0,7.1,8.9,9.9,93.7
5.99,36.0,2,1,1.2,0.3,1.7,3.2,0.1,1.3,3.1,0.2,2.8,1.6,0.5,30.3
7.12,50.3,4,2,4.4,5.6,5.4,4.3,3.7,3.3,3.4,4.6,4.3,3.7,3.1,52.6
6.83,73.9,2,1,7.2,4.1,6.2,5.5,6.2,5.1,5.5,6.9,6.5,6.5,5.7,57.1
7.7,73.2,3,1,4.7,5.8,5.7,4.9,4.6,6.3,7.9,6.6,4.9,6.4,6.9,61.8
8.52,88.3,4,4,7.4,6.4,5.9,8.4,8.2,7.6,7.9,7.4,8.4,6.5,8.1,82.2
6.65,65.5,4,1,6.9,4.4,5.7,4.8,6.9,5.0,3.8,3.6,5.0,6.7,5.5,55.8
8.38,89.4,4,4,5.8,6.7,7.2,8.6,6.6,6.9,7.9,7.3,7.9,5.8,6.6,77.2
6.5,37.8,2,1,0.8,0.9,4.0,1.7,2.0,4.1,1.4,2.6,2.2,2.0,1.9,31.6
9.65,88.2,9,5,10.0,10.0,9.3,8.6,8.1,9.5,9.0,9.5,10.0,8.8,8.4,94.6
5.16,41.2,0,0,4.6,3.2,1.5,4.6,2.2,0.9,0.8,2.2,2.9,1.5,4.0,32.4
8.6,83.8,4,3,8.7,7.2,8.8,7.4,8.1,5.8,9.1,9.4,8.7,6.8,7.6,80.9
6.63,61.1,2,2,8.0,6.7,6.6,6.6,4.6,6.0,6.8,7.1,5.0,7.4,7.1,63.4
7.72,69.2,4,2,7.1,8.7,5.0,6.5,8.9,6.4,7.5,5.5,7.2,8.0,6.7,69.9
6.61,51.1,2,2,6.1,4.2,4.1,5.9,6.3,6.9,6.8,4.4,4.0,4.5,5.7,53.8
6.21,25.6,2,0,4.1,2.3,3.5,1.5,3.5,1.3,2.8,3.0,2.9,3.0,2.1,30.8
4.63,37.5,1,1,3.2,2.6,4.4,4.4,2.1,2.7,2.0,3.5,2.3,4.8,2.2,36.7
9.72,96.2,5,3,8.8,10.0,8.4,10.0,10.0,8.8,10.0,9.7,10.0,10.0,8.6,95.0
7.95,85.4,4,4,7.7,8.0,8.5,5.9,6.6,9.2,5.8,8.8,8.6,6.1,8.8,77.9
9.15,97.2,8,6,8.6,7.0,9.3,9.1,8.5,8.0,9.1,7.5,9.1,9.2,7.5,93.3
7.9,75.3,6,3,9.1,9.2,6.5,6.4,7.4,6.2,8.0,7.2,6.8,8.0,8.9,80.0
4.27,45.3,0,1,2.1,3.0,2.3,0.8,0.0,2.2,1.8,1.7,0.0,2.1,2.6,22.4
6.81,55.7,3,2,5.4,7.0,4.4,7.5,3.8,3.9,6.2,3.8,5.1,6.2,6.3,60.6
9.67,98.1,7,6,10.0,10.0,9.2,8.4,9.4,9.1,10.0,10.0,8.9,9.5,10.0,95.4
7.86,82.7,3,3,6.7,5.4,5.3,6.7,7.5,6.7,7.9,5.8,6.1,8.0,6.7,71.8
7.73,66.3,4,2,7.8,6.3,5.3,7.0,6.1,5.3,7.1,7.5,7.1,7.2,8.2,70.8
5.63,31.4,2,1,3.6,1.8,0.7,0.9,0.4,0.4,2.7,0.9,2.7,1.7,1.7,28.7
5.44,30.3,1,0,2.1,1.5,4.4,1.7,3.5,1.9,1.7,3.6,3.7,3.1,1.9,30.6
6.5,44.2,2,0,0.4,2.6,2.6,3.1,1.8,2.8,3.9,2.4,1.2,2.7,0.9,34.6
7.95,84.9,5,3,6.2,7.9,6.3,6.5,8.7,8.5,8.3,7.6,8.7,7.7,7.8,78.7
6.98,62.4,2,1,3.8,6.2,4.1,6.7,4.9,5.2,6.6,4.8,4.9,5.9,4.8,56.4
9.09,99.9,7,3,8.9,9.3,9.5,10.0,8.9,7.0,7.2,10.0,8.0,8.4,7.8,93.5
5.94,27.9,1,0,2.4,2.5,3.3,1.0,0.6,3.2,3.0,0.9,1.8,2.1,3.6,26.0
6.43,44.3,2,0,3.9,2.8,1.8,4.2,3.6,1.7,4.5,4.7,3.1,3.6,3.7,41.3
6.93,62.6,4,1,2.7,4.7,2.2,3.2,4.0,6.0,5.9,4.8,2.8,5.1,4.9,50.3
9.14,98.9,5,6,9.8,7.6,8.1,7.4,9.7,7.8,9.6,10.0,8.4,8.1,9.6,89.7
5.3,23.3,1,0,0.9,1.8,1.3,4.1,3.3,1.9,3.0,3.1,1.0,3.2,1.8,29.2
6.99,60.0,4,1,4.6,3.9,6.4,4.2,2.9,4.1,5.2,4.8,5.9,4.1,4.3,54.6
6.87,69.9,3,1,7.5,4.1,6.8,5.8,4.5,5.6,4.8,6.4,5.4,5.0,5.9,61.1
5.99,40.4,2,0,4.0,1.6,5.1,5.0,2.4,3.4,1.9,3.8,3.8,3.1,4.4,40.3
6.11,20.7,1,0,3.6,4.5,2.9,3.8,3.8,1.7,4.6,1.6,4.4,4.3,4.3,36.2
8.27,81.1,4,2,7.8,7.1,5.6,6.3,8.7,5.3,5.4,8.8,8.5,8.4,6.3,75.4
9.57,96.6,5,5,9.4,9.2,7.3,7.9,7.6,10.0,9.1,9.4,9.9,9.1,7.8,91.9
6.64,64.9,2,1,3.4,5.5,6.4,4.2,5.0,3.3,3.8,5.3,4.6,4.5,3.6,50.0
7.92,75.9,6,2,7.6,6.9,5.6,5.7,9.0,8.3,8.3,6.4,6.2,6.5,7.0,73.8
7.41,63.4,3,2,7.2,5.2,7.0,7.2,6.9,6.5,7.0,6.1,6.9,7.2,6.4,66.5
9.07,88.8,5,4,10.0,8.3,9.5,8.2,8.0,7.4,7.0,10.0,8.1,8.7,7.8,88.7
8.8,79.8,6,2,9.8,7.0,7.8,8.5,8.5,8.1,6.4,8.8,7.8,6.8,9.4,83.4
4.07,25.0,2,1,3.2,3.3,1.0,3.7,3.2,3.9,2.3,3.4,1.7,3.4,2.0,31.6
5.66,23.6,0,0,4.5,3.1,1.4,3.9,4.1,4.4,2.5,3.9,3.0,4.3,1.8,32.6
7.74,56.3,4,2,4.8,5.2,3.3,6.7,3.3,5.3,4.9,3.4,5.6,5.7,4.0,58.8
5.25,46.7,2,1,4.2,2.3,4.8,4.1,2.1,1.9,1.8,3.1,4.7,2.2,2.7,39.0
8.63,87.1,3,2,8.9,7.4,6.5,9.6,9.0,8.2,9.8,7.3,6.9,7.1,9.5,79.9
6.52,73.9,3,2,4.7,6.6,6.2,5.0,6.7,5.9,3.6,3.8,4.1,6.1,5.6,58.4
8.3,78.3,3,3,7.2,7.5,9.1,8.6,9.9,6.1,8.1,8.2,9.5,7.7,7.2,79.8
7.08,69.8,2,2,5.6,7.4,5.2,6.3,8.3,5.9,4.8,7.6,7.9,6.8,7.7,65.9
7.73,72.7,3,1,6.2,4.5,5.5,6.3,4.8,6.3,5.3,6.3,6.1,6.1,5.7,63.1
5.3,27.6,0,0,6.0,4.9,2.8,3.2,4.3,4.3,5.9,4.0,3.9,3.6,3.8,34.8
8.78,75.8,6,2,7.1,5.7,8.1,6.0,7.1,9.0,7.8,8.8,8.4,6.6,8.1,78.8
8.69,83.7,6,2,7.8,5.2,8.5,7.5,5.9,6.7,8.2,5.7,7.5,8.6,6.7,80.2
6.93,71.9,3,1,5.8,7.9,6.6,4.8,5.5,6.0,7.5,4.7,5.4,7.5,7.8,62.1
4.62,39.6,1,1,2.2,3.4,3.9,4.2,5.4,3.0,5.2,4.6,3.5,3.1,3.9,37.5
6.84,69.5,3,2,7.1,7.3,5.4,8.0,6.8,5.6,5.0,5.6,7.5,7.8,7.9,69.0
6.98,60.2,2,2,3.2,4.5,3.7,4.5,4.0,4.9,7.1,6.4,5.6,6.4,4.7,55.3
4.71,32.1,2,1,2.5,3.2,4.0,1.3,3.0,4.7,1.0,2.6,2.8,2.2,1.9,32.0
5.81,36.1,1,1,5.6,3.9,2.5,4.6,1.9,2.2,4.2,4.6,3.2,4.8,3.0,42.9
4.56,21.6,1,0,3.5,2.0,3.5,1.3,1.6,0.1,1.8,0.3,0.5,0.2,1.5,21.3
7.78,56.2,4,2,7.7,6.2,6.4,5.4,5.6,4.7,7.2,8.2,5.7,6.2,6.4,63.5
7.54,68.1,2,1,6.6,7.0,7.1,7.8,4.7,6.6,5.4,6.7,7.7,5.6,7.4,64.8
8.47,80.8,5,3,5.3,7.5,7.2,6.1,8.6,7.0,6.9,5.0,5.3,6.2,5.9,72.9
8.25,82.8,4,2,7.7,9.5,9.4,6.9,6.8,7.2,6.6,8.1,8.5,8.5,7.3,77.5
5.97,40.7,2,0,4.6,4.3,5.1,1.6,3.7,4.5,1.8,3.7,4.4,4.1,3.2,37.5
7.72,68.2,2,1,4.3,5.1,6.5,3.8,4.1,7.4,5.4,4.5,5.1,5.5,6.0,55.7
7.71,65.6,2,2,7.1,7.1,5.6,7.3,8.7,5.5,4.9,5.7,8.1,7.6,6.7,70.5
7.05,50.4,2,2,4.4,6.7,4.6,6.7,7.4,4.5,7.1,4.2,4.8,7.2,5.4,59.4
9.14,88.8,9,4,7.2,6.8,7.6,6.7,6.4,8.7,9.1,8.6,7.2,7.5,8.8,85.3
5.2,32.2,2,1,5.9,4.6,3.9,2.1,2.9,3.0,5.1,2.4,4.1,3.7,5.2,39.8
9.42,95.7,9,5,8.2,8.1,9.4,8.3,6.5,8.2,8.1,9.1,9.2,9.4,7.4,92.1
5.51,34.4,2,1,0.9,3.6,3.5,2.3,0.5,2.9,1.8,2.9,1.8,2.7,3.7,34.0
9.84,88.5,7,5,7.9,8.6,10.0,8.4,7.2,8.1,9.2,9.8,8.6,8.8,9.9,92.0
7.9,88.0,3,3,8.8,8.8,9.3,8.7,6.5,6.5,9.5,8.1,7.1,8.1,6.9,80.8
7.61,68.4,4,1,6.6,5.6,3.7,4.3,4.1,3.7,4.5,7.1,5.2,4.5,4.7,59.5
6.96,63.5,2,2,6.4,4.9,2.9,4.8,2.9,5.7,6.4,3.4,3.8,5.0,5.2,52.9
8.7,80.9,6,3,10.0,6.5,7.1,9.2,7.5,9.1,7.1,7.7,8.3,9.0,8.2,87.3
7.48,52.5,3,1,5.5,7.0,7.4,5.2,8.6,7.3,6.7,6.6,7.6,8.1,6.7,63.4
6.1,30.2,2,1,0.0,0.4,0.0,1.0,2.5,1.8,1.8,2.6,0.6,1.2,1.8,28.1
5.93,29.9,2,0,4.2,3.7,4.2,2.4,4.7,2.5,4.2,4.4,4.7,3.5,2.5,35.0
6.89,64.8,4,2,4.6,6.7,3.7,3.7,6.5,3.5,4.2,4.0,5.4,4.0,5.9,56.2
8.51,87.3,5,3,9.7,8.5,8.4,7.5,7.2,7.8,7.6,6.2,8.3,8.1,7.9,83.6
7.74,71.2,2,1,6.6,7.0,6.7,5.0,6.6,5.3,5.7,5.1,6.0,5.5,5.8,58.4
9.35,91.0,8,4,9.1,10.0,9.2,9.3,8.5,10.0,9.6,7.5,9.0,8.7,9.2,92.7
7.42,56.5,2,2,4.9,6.8,7.4,3.8,4.6,6.1,6.4,4.9,6.8,4.8,4.8,54.9
8.7,78.3,3,2,6.4,7.3,4.9,8.2,8.5,5.3,7.1,6.7,5.2,5.8,6.9,71.3
7.19,55.8,3,2,6.9,4.9,5.3,5.2,6.8,5.3,7.2,6.9,4.5,4.9,6.6,57.7
8.12,82.1,5,4,5.1,8.8,8.7,5.5,6.1,7.0,6.6,5.4,5.9,7.9,6.1,76.9
6.08,38.4,2,0,1.5,3.4,2.8,2.5,1.1,1.9,1.4,3.8,4.2,3.4,1.3,33.6
6.51,67.9,4,2,5.7,5.5,7.3,5.3,4.6,5.6,6.8,5.3,6.5,6.6,4.4,61.6
7.35,63.9,4,2,7.5,6.9,4.7,4.4,6.5,5.1,4.6,5.4,6.0,5.5,6.7,62.0
9.03,98.0,5,6,9.0,6.8,8.6,8.4,6.6,9.3,6.8,8.8,7.3,7.4,7.3,86.7
5.32,29.7,2,1,2.0,5.1,3.9,4.4,2.8,4.3,4.6,3.1,2.5,3.0,2.9,34.8
5.23,37.5,0,0,2.2,0.2,0.1,0.9,2.6,0.0,1.5,1.9,1.9,1.2,1.9,21.1
7.77,58.4,2,1,7.6,7.4,5.6,7.5,5.6,6.4,7.2,5.6,5.8,7.4,8.4,64.0
7.4,64.0,4,1,4.7,6.1,6.7,5.9,5.6,7.8,7.3,5.4,7.8,6.8,7.5,64.8
8.45,87.6,6,4,9.0,5.9,8.1,7.1,5.3,7.0,7.8,5.8,6.7,6.3,8.0,82.3
4.87,38.0,2,1,2.8,3.2,0.3,1.2,3.2,0.7,2.8,1.9,1.8,3.1,2.9,28.4
5.41,21.0,1,0,1.3,0.8,4.3,2.0,1.7,2.5,3.1,2.1,3.5,0.9,2.8,28.1
7.74,56.5,2,2,7.2,6.6,6.0,4.6,4.9,6.7,7.2,7.2,6.0,5.3,7.4,56.8
6.9,60.2,2,1,4.4,5.5,3.3,3.2,2.4,4.4,4.3,4.9,5.2,4.3,4.0,47.6
4.96,39.2,0,1,1.6,2.0,1.6,2.9,1.8,2.8,0.5,0.0,2.1,2.5,1.3,29.2
7.02,71.4,3,1,4.7,4.1,2.9,5.0,4.9,4.3,6.0,2.4,3.4,3.3,2.8,50.9
8.87,98.3,5,3,9.3,9.9,10.0,8.0,10.0,8.5,8.4,9.8,10.0,10.0,8.4,90.7
6.62,74.0,3,2,5.9,5.1,4.4,5.3,3.2,5.2,4.2,4.8,4.3,4.7,6.1,58.0
7.38,54.3,3,1,5.4,3.8,2.5,3.2,4.2,3.3,5.0,6.3,4.2,4.5,4.8,50.7
7.86,75.8,5,4,10.0,7.6,8.7,8.1,8.3,7.8,8.3,7.2,7.2,8.7,7.5,83.2
7.14,61.9,3,1,6.7,4.0,3.9,5.3,4.7,7.2,6.0,6.4,6.9,5.1,5.4,58.2
7.59,54.3,4,1,3.6,4.3,4.6,2.7,2.7,5.7,4.3,4.7,3.6,3.8,5.1,49.1
7.7,74.9,2,1,6.4,5.7,6.6,5.5,4.8,7.5,8.3,6.7,5.5,6.0,7.6,61.6
4.63,27.9,0,0,2.2,2.2,0.9,2.6,2.0,1.9,4.1,4.1,1.3,1.6,1.9,23.8
8.38,86.4,4,4,6.6,9.2,6.5,8.6,8.1,6.1,8.6,9.9,8.0,7.4,7.3,83.5
5.23,21.5,0,1,3.0,4.0,3.7,3.2,2.8,0.7,1.0,0.8,2.0,2.3,2.5,28.5
7.82,81.4,6,3,8.4,7.2,8.9,7.2,6.9,6.2,7.3,8.0,5.8,6.2,6.2,79.5
9.53,99.4,6,4,9.0,8.2,10.0,8.8,8.8,9.2,8.2,10.0,9.4,8.9,9.0,95.5
6.87,67.5,2,1,5.2,2.6,4.4,3.7,3.9,5.2,2.8,3.8,4.7,3.6,4.0,47.6
7.95,83.2,5,4,5.5,9.1,6.2,6.7,5.7,6.8,8.0,9.0,5.9,6.8,6.5,77.7
7.58,68.5,3,1,6.1,5.8,3.4,5.5,4.6,6.5,3.5,3.5,4.0,5.5,5.8,55.6
9.24,93.5,8,6,7.6,8.9,9.5,8.9,9.6,8.7,8.1,10.0,8.4,10.0,9.7,94.0
5.19,29.5,0,0,4.6,5.3,3.3,4.7,2.5,2.2,4.2,2.2,3.6,4.7,4.6,37.4
7.24,52.3,4,1,3.0,3.9,6.4,3.1,4.2,5.4,4.4,5.7,5.2,5.5,4.8,53.2
8.31,87.5,3,3,10.0,7.9,9.4,9.4,9.0,8.5,9.1,8.4,8.2,9.7,9.8,86.0
6.96,59.6,3,2,7.4,6.8,6.2,8.4,7.2,8.2,6.2,6.0,6.0,5.7,6.5,67.2
6.82,73.1,4,2,5.6,5.5,5.4,5.2,4.2,6.6,7.0,6.0,5.5,4.8,4.4,60.5
8.22,76.9,6,3,7.6,9.7,7.6,7.4,8.3,6.5,8.7,8.2,7.7,7.6,9.0,82.7
7.54,70.2,2,2,5.2,5.8,4.6,3.7,3.4,5.1,2.8,4.5,4.9,4.9,5.7,53.0
8.1,80.3,6,4,5.8,7.4,5.8,5.7,8.2,7.8,8.3,5.4,8.3,7.5,5.9,76.7
6.66,62.4,4,2,6.0,6.6,7.5,7.8,5.3,5.8,6.5,6.8,4.6,4.8,7.3,66.0
7.79,69.8,3,1,5.9,6.7,6.5,7.2,7.3,4.8,7.7,5.5,7.9,5.0,7.8,66.3
8.86,98.7,9,4,10.0,8.5,7.0,10.0,7.1,9.7,8.6,7.4,8.8,10.0,8.4,95.3
6.65,64.9,3,1,5.4,2.5,4.9,3.8,4.4,5.1,3.8,2.9,5.2,5.1,3.2,49.6
6.06,23.3,1,0,2.3,4.0,0.6,1.4,4.5,1.5,2.0,1.2,1.6,1.8,2.8,26.0
9.16,91.9,4,3,10.0,7.7,7.7,9.7,10.0,8.2,10.0,7.3,8.5,9.5,9.2,89.0
5.15,23.3,2,0,3.7,2.9,2.6,3.4,3.4,4.2,2.9,2.5,3.2,3.0,2.1,32.9
7.25,68.0,4,1,6.2,4.3,5.9,5.8,4.2,5.9,6.0,4.3,6.6,4.5,6.5,58.2
6.42,28.8,1,0,1.9,3.1,2.2,3.7,1.2,3.0,2.1,4.8,3.0,2.4,2.4,34.0
5.48,37.5,0,0,4.3,3.4,3.7,4.4,1.8,2.2,4.3,3.1,2.9,4.5,4.9,36.8
7.42,66.4,4,2,5.3,5.2,4.5,5.4,4.8,3.4,6.2,3.5,3.4,5.2,3.6,56.6
5.38,38.6,0,1,0.0,0.3,1.0,2.8,1.0,0.0,1.9,0.3,1.8,1.4,0.0,24.8
8.41,88.3,6,2,6.4,7.8,5.5,7.9,8.0,5.9,5.4,5.6,6.8,6.1,8.2,78.1
6.27,46.1,1,0,0.5,2.9,2.6,2.4,0.8,0.3,0.1,1.5,1.1,0.7,1.0,26.6
7.31,54.4,4,2,5.2,8.1,5.6,5.2,7.1,4.3,6.3,5.0,7.6,5.3,6.3,62.7
8.67,77.3,3,2,9.0,8.1,8.1,8.2,10.0,9.1,8.9,7.3,8.1,7.2,8.0,78.5
9.24,96.0,5,3,8.2,8.4,8.4,8.4,9.0,7.2,8.8,10.0,7.6,6.8,9.3,86.1
6.93,58.7,3,2,3.7,6.2,5.8,6.0,6.1,5.2,4.2,5.8,5.4,4.2,4.6,56.3
7.65,69.2,2,2,8.0,6.7,6.0,4.7,4.6,7.3,7.4,5.6,7.4,7.1,7.9,64.3
5.77,22.5,1,1,2.0,1.7,1.6,1.9,1.5,0.0,1.8,0.0,2.1,0.0,0.0,22.9
5.43,46.4,2,0,0.6,1.1,3.0,0.7,2.9,1.2,1.5,1.6,2.1,2.3,3.3,30.8
6.52,54.3,3,1,3.5,3.9,5.7,4.5,5.8,3.3,4.4,5.6,5.9,5.5,5.6,51.5
7.68,60.2,2,1,5.6,4.1,7.3,5.8,6.5,3.9,5.7,7.5,5.4,6.2,7.0,60.8
7.41,50.5,4,2,4.3,4.4,6.4,6.1,4.2,6.8,4.8,5.4,4.6,4.3,5.2,57.3
7.23,65.0,2,2,4.2,6.4,4.8,4.7,6.2,5.3,6.2,6.4,5.2,5.8,4.6,56.3
5.65,39.6,0,1,0.1,3.3,1.0,1.7,1.6,0.2,3.0,0.5,1.9,2.4,0.4,27.6
7.3,57.4,3,2,6.1,7.2,8.8,8.7,5.6,5.1,5.7,6.2,6.4,7.7,6.1,69.6
8.03,80.4,5,2,9.2,8.7,6.9,6.0,7.2,8.3,5.6,7.7,8.5,8.9,6.9,74.7
6.8,69.7,4,1,4.4,3.9,6.3,2.6,4.9,2.9,3.6,5.2,5.0,5.0,4.6,53.8
8.44,86.6,4,3,5.5,5.0,8.3,6.6,6.5,5.9,6.3,8.6,6.0,6.1,7.5,74.5
8.14,89.0,6,4,4.7,7.8,5.3,6.2,6.2,6.9,6.2,8.0,6.7,8.1,7.5,78.8
8.43,82.9,4,2,7.5,8.6,8.2,7.1,6.6,6.1,8.0,5.7,7.9,8.1,8.5,76.8
7.2,73.0,3,2,6.3,7.5,6.2,6.1,7.6,5.1,6.6,7.1,7.2,5.3,6.5,65.7
8.39,81.6,4,3,8.7,8.0,6.5,7.1,8.0,6.1,6.0,6.4,7.7,8.5,7.2,78.3
8.26,75.6,5,3,8.8,7.2,9.1,7.6,8.4,6.4,9.3,7.3,7.5,8.8,7.7,81.3
7.16,55.4,3,1,5.8,6.4,4.3,3.2,4.0,4.5,6.8,3.2,5.7,6.3,5.7,52.9
8.06,75.1,6,3,5.5,7.2,5.5,6.8,5.8,8.4,8.3,6.2,7.5,6.7,7.9,76.8
8.34,88.2,6,4,8.1,8.1,8.2,9.7,6.5,6.7,8.0,9.3,8.9,7.0,7.2,87.1
7.15,56.7,2,2,5.6,6.7,5.7,6.7,3.7,4.2,4.2,3.5,5.8,5.5,5.5,58.9
7.21,50.2,4,1,5.3,4.0,3.2,4.6,3.2,3.9,4.8,4.7,4.6,3.4,3.4,49.7
7.25,63.7,2,2,4.6,2.9,3.5,3.0,6.2,4.8,5.6,3.8,4.3,5.8,3.9,51.8
7.52,70.7,4,2,8.0,5.2,5.9,6.2,7.1,5.6,4.7,5.4,5.4,6.1,6.5,65.7
7.51,51.0,4,1,4.6,2.4,4.2,5.8,5.5,4.3,5.0,4.4,5.6,4.1,4.3,54.5
7.78,51.4,2,2,5.6,6.4,4.0,6.2,4.3,3.9,3.9,3.6,4.6,5.4,4.7,55.4
8.79,80.7,3,2,8.6,5.4,5.6,6.7,5.6,5.9,7.6,8.6,7.4,7.7,8.3,72.6
4.43,23.6,1,1,4.7,2.7,2.9,3.3,3.9,5.1,4.7,2.1,4.7,3.3,3.4,35.8
8.73,85.7,3,3,9.7,8.5,9.1,8.5,8.5,6.8,8.2,6.6,6.8,8.3,9.3,82.4
6.07,35.2,2,1,2.4,5.5,2.0,2.8,1.6,5.3,2.1,3.9,2.5,3.3,4.3,37.3
6.91,66.7,4,1,3.0,5.3,6.5,4.7,3.9,3.3,2.6,4.6,5.9,3.4,5.3,54.4
5.98,31.1,2,0,3.8,1.5,4.3,5.0,1.4,2.5,3.3,1.2,3.9,2.7,2.4,36.6
7.21,71.8,4,2,7.9,5.0,6.1,6.3,5.0,4.5,5.5,7.1,5.3,7.4,6.0,67.9
8.0,89.1,6,3,8.9,6.7,6.4,8.0,8.2,7.2,8.6,9.2,7.3,7.6,8.1,84.1
8.76,77.2,5,2,6.3,6.5,9.5,9.2,6.7,7.3,8.6,8.1,7.7,9.3,8.7,83.6
4.28,36.6,1,0,0.1,2.8,2.5,4.0,3.1,2.0,0.6,2.5,1.0,1.5,2.0,25.8
7.23,52.6,4,2,3.9,4.0,4.7,6.9,4.6,3.6,4.6,6.0,6.0,4.3,5.2,59.4
8.03,76.1,5,2,8.0,8.7,8.5,8.5,9.2,7.1,6.2,8.3,6.4,7.2,7.1,77.9
8.93,98.7,6,4,9.0,10.0,9.8,7.0,8.0,7.0,9.6,9.8,9.6,9.6,8.1,90.9
6.01,36.8,0,0,1.5,2.5,1.1,4.0,3.5,5.0,3.8,1.2,4.3,4.0,4.1,37.9
9.34,90.5,4,6,8.0,6.6,8.6,9.9,7.2,8.5,6.8,8.8,7.5,7.6,7.7,86.1
7.03,67.8,3,1,3.1,5.6,4.7,3.1,6.5,5.5,5.6,3.2,4.2,5.7,3.8,53.4
8.52,84.8,4,3,7.3,5.7,6.2,8.9,7.8,6.3,7.8,8.9,6.9,8.5,7.4,80.5
7.14,61.3,2,2,7.8,6.8,7.9,6.1,6.7,5.1,5.9,5.0,6.6,6.8,5.4,61.4
4.42,37.6,0,1,1.9,2.5,2.6,2.3,2.2,0.8,1.0,0.9,1.9,0.6,2.7,23.5
7.68,50.1,4,1,4.1,5.8,6.6,7.1,6.6,4.1,4.7,6.1,5.2,6.8,6.8,61.7
6.89,64.9,4,2,4.8,8.2,7.1,7.3,6.3,5.2,5.1,4.5,6.7,5.4,5.0,65.8
4.78,40.1,2,1,0.0,0.5,3.4,1.7,2.2,0.0,2.8,0.3,2.3,3.0,2.6,29.4
4.79,20.9,0,1,2.4,1.9,0.0,0.0,1.8,1.1,2.6,0.0,2.4,1.9,1.9,19.1
9.44,92.7,5,4,9.2,9.5,7.1,9.7,10.0,8.5,8.4,9.4,7.9,9.4,8.9,93.7
7.83,83.9,6,4,8.3,7.5,8.2,5.8,9.0,6.0,5.7,7.7,8.2,7.9,8.7,81.8
4.26,45.9,0,1,2.7,2.4,3.3,3.9,2.0,3.4,1.1,3.2,1.5,4.0,3.0,34.2
6.82,51.4,4,1,5.6,3.6,3.8,2.7,5.1,5.3,5.3,3.7,5.3,4.9,3.2,47.4
6.91,64.9,4,2,5.2,5.4,7.0,6.3,5.9,5.3,4.3,5.8,6.3,4.9,6.6,64.5
6.73,66.4,2,2,6.3,6.3,6.8,7.7,4.9,4.4,6.7,5.3,6.7,6.5,6.7,62.7
6.82,50.6,4,2,3.9,4.0,7.9,6.8,6.9,4.8,4.3,4.9,5.5,6.6,7.0,61.7
8.45,86.5,5,2,6.1,6.6,8.7,9.7,6.5,7.1,8.9,6.4,8.3,8.1,7.8,83.3
8.42,78.9,5,2,5.8,5.8,5.6,8.7,8.8,7.4,6.8,8.1,8.4,8.6,6.9,78.2
8.56,80.1,5,4,7.5,6.5,6.7,5.6,8.2,6.0,8.5,5.9,6.6,6.5,7.6,77.1
9.16,93.7,8,4,10.0,9.8,9.9,8.5,8.2,10.0,8.2,10.0,10.0,10.0,8.2,94.3
5.98,45.3,0,0,3.5,2.8,4.8,5.1,3.3,2.8,2.7,4.7,5.0,4.8,3.0,40.0
6.02,25.5,2,0,4.4,3.2,0.7,2.1,0.5,2.9,2.0,2.0,2.1,2.1,2.3,31.1
4.21,35.2,0,1,0.0,0.0,2.4,0.4,3.2,2.0,0.0,0.0,1.9,2.4,2.8,22.6
5.03,42.0,0,0,4.2,3.7,3.7,4.0,2.6,4.0,2.3,2.9,4.1,3.1,3.6,34.6
6.71,65.6,4,2,5.0,4.0,5.9,6.1,3.5,5.5,4.3,7.2,6.8,4.8,5.6,62.5
7.92,85.6,4,3,8.9,8.7,7.8,8.3,8.6,8.9,7.5,10.0,7.6,8.8,7.1,81.7
4.24,29.6,1,1,3.0,1.4,2.1,0.0,0.4,0.0,0.0,0.3,0.0,0.8,0.3,17.7
6.61,64.7,4,2,3.5,6.1,4.7,4.7,7.4,4.8,5.5,4.9,4.7,4.2,6.5,58.3
4.24,26.4,2,0,2.7,0.5,0.8,0.0,2.6,0.6,0.7,1.0,1.0,1.1,1.0,18.1
7.48,60.7,4,2,3.9,4.7,5.7,4.7,2.0,2.6,5.1,4.6,5.0,3.1,2.9,53.3
8.34,84.4,6,4,7.1,9.0,8.3,9.0,6.7,9.8,6.3,6.5,8.2,9.6,9.5,88.5
4.6,48.4,1,1,2.0,0.6,0.0,2.1,0.3,2.3,2.1,2.4,2.4,2.1,1.7,28.1
8.75,84.0,6,2,6.6,6.3,5.6,5.7,8.6,8.3,4.8,5.8,6.3,7.4,7.4,74.7
7.74,71.8,3,2,7.5,7.1,6.3,6.1,7.6,7.5,6.2,6.6,5.5,6.2,7.5,65.9
5.23,38.9,1,0,2.3,3.1,3.9,1.1,4.0,2.0,2.3,4.5,3.1,1.6,2.7,30.4
7.16,71.8,3,1,6.7,4.2,5.8,4.1,3.6,3.7,6.0,6.4,4.9,3.9,5.9,54.4
8.18,85.4,3,4,8.1,8.0,6.1,7.5,7.2,7.0,8.0,5.3,7.2,8.7,6.3,77.6
7.37,62.1,3,1,5.5,3.8,5.0,3.6,6.6,3.7,6.2,7.0,6.4,5.4,6.6,54.6
8.16,80.7,5,4,6.4,6.1,5.9,8.8,5.5,7.6,8.7,7.1,6.8,6.6,8.1,80.4
5.95,26.1,2,1,2.3,1.3,2.9,3.3,4.4,2.2,3.5,3.5,2.1,2.8,1.5,33.3
4.99,48.3,2,0,4.2,2.1,1.8,2.1,4.0,4.4,2.6,4.4,3.0,4.2,3.3,35.9
8.94,99.9,7,6,6.4,7.8,8.6,7.0,6.5,9.0,6.1,9.1,7.4,8.5,6.7,85.5
8.27,81.8,3,2,5.4,7.6,7.6,8.0,6.0,7.5,6.4,7.9,7.7,8.0,5.7,74.6
6.68,61.6,4,1,5.0,5.0,8.0,7.5,6.0,5.3,4.3,4.4,5.9,5.2,5.0,62.0
7.46,51.8,4,1,7.0,4.2,7.3,3.8,6.2,6.1,5.0,5.1,6.2,4.8,5.4,57.4
8.88,98.9,9,6,9.4,10.0,8.2,9.6,7.7,10.0,8.5,9.4,10.0,8.3,9.3,92.8
6.92,62.0,3,2,7.3,7.1,7.4,7.4,6.3,5.6,6.6,7.6,6.4,6.5,6.0,65.5
6.51,57.4,2,2,6.3,4.5,6.3,5.4,6.9,3.8,6.2,4.9,6.2,5.0,4.7,55.8
4.69,49.8,1,1,3.4,2.2,2.1,4.9,3.0,4.4,3.2,2.7,2.0,2.4,3.1,36.3
5.09,42.7,1,1,0.5,2.6,2.2,2.0,1.0,1.2,2.1,0.0,0.2,0.5,0.1,24.7
8.43,78.2,5,2,5.2,5.5,6.6,7.8,8.5,6.4,5.4,6.2,7.1,7.9,7.8,77.2
7.34,57.4,2,1,7.7,5.9,4.5,4.1,4.0,5.7,6.5,6.1,6.5,4.6,7.1,56.7
7.68,72.5,3,2,4.1,2.8,5.9,4.0,3.2,2.6,3.5,5.5,4.5,5.4,4.4,55.3
9.04,90.7,8,6,10.0,9.8,9.7,9.9,7.9,9.9,8.0,8.6,10.0,8.0,9.9,94.1
6.53,73.5,4,1,5.2,2.7,4.7,4.4,5.3,4.0,5.8,4.6,3.4,3.2,3.2,51.4
6.7,63.4,3,1,6.0,6.0,3.5,3.9,6.0,5.3,5.5,5.2,5.0,4.5,6.6,53.3
7.13,74.9,3,1,4.1,4.6,6.5,7.0,5.5,4.1,5.4,4.8,6.0,4.9,3.9,59.2
7.22,73.8,2,1,4.6,5.1,3.5,2.6,3.5,4.4,5.8,4.6,4.6,4.7,4.5,50.7
7.08,52.8,4,1,5.2,5.7,8.5,4.9,7.8,7.1,5.9,6.3,7.5,6.6,7.2,61.2
7.45,51.0,2,1,4.7,5.4,4.0,5.3,4.2,4.5,3.1,6.0,4.7,4.8,3.9,50.9
5.56,37.6,0,0,2.6,1.5,3.3,0.6,2.2,1.3,3.6,1.2,0.8,1.0,2.9,22.2
6.84,73.2,4,2,4.3,4.6,7.9,4.4,6.6,7.5,4.2,5.4,6.0,7.3,5.7,63.5
6.65,66.0,2,1,6.4,5.2,2.9,2.9,2.8,4.6,4.4,4.6,4.6,5.6,4.8,50.6
9.33,97.5,6,3,9.1,8.6,8.2,9.7,9.5,7.9,9.2,9.4,8.0,8.4,9.3,92.2
6.55,54.3,3,1,4.7,5.8,5.1,5.5,4.5,3.9,4.9,5.6,6.2,5.3,3.5,52.7
7.48,56.9,4,1,5.0,3.2,5.0,4.1,6.0,4.5,4.7,2.3,4.2,3.0,4.0,52.0
9.12,93.9,6,3,8.6,9.3,8.1,8.4,8.1,9.5,6.9,10.0,8.2,8.9,9.2,87.3
6.69,63.0,4,1,7.9,5.7,5.3,7.7,6.3,7.3,5.7,5.3,6.1,5.6,8.1,65.5
8.11,78.7,4,3,10.0,9.1,6.6,7.1,10.0,6.4,8.1,9.2,8.8,7.1,9.1,79.3
7.7,57.2,4,2,6.3,4.6,5.3,3.6,4.3,6.5,5.0,4.9,6.1,5.3,6.6,58.7
7.18,50.1,4,2,5.7,5.8,6.2,4.3,5.6,4.7,5.8,4.2,5.9,6.0,6.2,54.9
7.38,51.7,3,2,5.4,6.5,7.1,4.3,4.7,6.0,6.7,6.6,7.4,6.2,6.8,59.2
6.9,54.1,4,2,6.1,6.7,4.4,4.3,6.4,4.3,3.9,3.9,6.5,6.2,4.4,56.9
5.87,28.2,0,1,2.9,3.7,2.0,4.1,5.2,4.0,5.1,3.4,5.1,3.1,3.1,38.2
7.36,58.9,4,1,7.4,4.4,5.1,4.2,6.5,5.6,4.8,5.4,6.5,5.1,5.8,57.5
8.52,83.1,5,4,8.9,6.2,5.4,8.8,7.5,8.2,6.0,5.5,8.5,6.5,7.9,82.7
5.9,23.8,0,1,3.7,2.6,3.8,2.9,2.6,3.3,2.1,3.9,4.1,1.8,4.0,31.7
5.56,34.3,0,0,4.2,2.6,3.2,4.3,4.8,5.3,5.3,3.5,4.9,5.5,4.4,39.4
6.78,55.0,2,1,5.6,7.4,7.1,6.6,6.3,7.0,4.7,7.4,6.1,7.8,5.4,59.9
8.38,80.4,5,4,5.4,5.6,5.7,6.9,8.6,7.6,8.6,7.3,8.1,6.3,8.0,78.9
7.97,75.7,6,3,7.4,7.3,7.8,5.4,8.8,7.9,6.2,6.3,7.3,8.4,7.2,76.6
9.08,92.8,4,4,7.6,7.9,9.6,8.9,8.3,8.2,9.7,8.3,8.7,8.7,8.2,90.7
4.65,40.0,0,0,1.0,3.0,0.9,0.3,0.3,2.6,1.6,0.0,0.0,2.1,1.7,18.6
8.78,78.8,4,4,5.3,5.0,6.8,6.5,7.7,7.4,8.5,5.7,7.6,6.1,7.4,75.1
5.73,27.2,1,0,0.8,3.0,4.7,3.1,3.3,0.7,1.1,4.1,4.2,3.2,2.3,32.8
4.38,30.9,2,0,2.3,1.8,1.4,4.5,4.7,1.7,3.2,3.8,2.4,2.0,4.1,34.9
9.04,96.7,4,6,9.9,10.0,10.0,10.0,7.9,7.3,9.4,7.9,9.5,10.0,10.0,94.7
4.79,45.1,0,1,2.9,3.3,3.5,3.5,4.0,3.2,0.9,1.4,2.1,2.0,1.6,32.4
8.22,89.4,3,3,7.8,7.2,8.4,6.1,7.0,7.8,7.5,9.4,7.3,8.7,6.3,76.4
6.59,73.0,3,1,4.9,7.0,5.6,4.7,5.1,6.2,6.9,5.4,6.3,4.3,5.5,58.7
9.2,91.5,8,3,10.0,9.1,8.5,8.1,10.0,7.2,7.4,7.7,9.6,8.4,9.0,89.2
7.58,63.7,2,2,2.6,5.4,3.4,3.9,3.7,4.7,5.5,5.8,6.0,4.4,4.7,54.1
7.54,56.7,3,2,6.2,3.7,3.0,5.7,4.2,4.8,3.6,3.0,3.3,3.3,5.9,54.4
9.87,91.6,6,6,9.2,8.9,7.5,9.2,7.0,7.9,9.8,6.5,8.1,9.4,8.2,92.9
6.39,28.0,2,1,4.7,2.8,2.0,4.4,5.2,4.1,3.5,1.9,3.6,4.4,2.0,39.4
7.01,55.3,4,1,5.0,5.8,4.8,6.7,4.5,4.7,6.7,5.6,5.6,6.6,6.1,58.9
8.65,79.2,6,2,8.0,8.0,6.0,6.4,7.6,7.0,9.3,6.0,8.5,6.7,6.6,77.6
6.59,59.6,3,2,4.6,4.9,6.8,5.7,4.9,3.2,6.3,5.7,5.7,6.2,5.6,58.6
6.42,47.5,2,1,1.3,2.0,1.1,2.9,1.4,2.7,0.3,0.5,0.8,2.6,2.4,32.4
7.69,72.2,2,1,6.9,6.0,7.3,7.2,7.6,5.3,6.9,8.1,7.0,7.5,7.8,68.4
5.39,44.9,2,1,1.7,1.8,3.6,5.0,3.3,1.9,4.6,4.1,2.6,4.8,2.5,40.6
5.19,48.4,0,0,0.5,1.0,3.5,2.3,3.7,1.9,1.4,1.9,0.9,1.1,3.3,28.0
9.6,91.9,4,3,9.7,10.0,9.9,9.4,10.0,8.4,7.4,10.0,9.1,9.5,10.0,90.8
6.9,53.8,4,2,5.8,2.8,3.1,4.6,3.4,2.9,4.2,5.3,3.7,4.8,5.2,54.0
8.28,81.8,5,3,7.0,9.9,7.3,7.8,6.4,6.6,8.6,7.3,9.5,9.2,8.5,83.1
8.39,80.5,6,2,5.2,5.5,6.5,5.6,6.4,7.8,6.4,7.8,8.3,6.8,7.6,72.9
8.29,78.6,6,2,8.5,5.7,8.4,7.0,5.7,8.0,8.9,5.7,7.4,7.3,6.5,77.8
6.87,67.5,2,1,4.6,4.8,5.6,3.9,4.3,4.4,4.0,4.9,5.1,3.2,5.3,50.7
7.44,71.2,4,1,6.3,6.1,5.1,6.8,4.9,6.4,4.4,6.0,5.5,6.3,5.4,63.5
6.62,58.1,3,2,7.6,5.5,7.2,5.1,7.2,6.4,5.7,6.2,5.9,6.9,5.4,59.5
9.06,97.8,7,3,10.0,9.6,8.7,7.6,8.1,9.4,10.0,8.6,9.5,8.5,9.1,91.1
7.35,74.6,4,1,8.0,5.9,7.2,5.1,7.5,5.4,5.1,7.4,6.1,7.8,6.1,66.2
4.3,45.7,2,1,1.4,2.4,1.6,1.7,0.7,1.9,0.0,1.6,0.0,0.0,0.9,23.5
9.54,95.9,9,3,10.0,9.0,7.5,8.4,7.7,9.6,9.7,9.5,8.6,7.7,9.5,91.2
6.72,59.5,2,2,7.1,5.4,4.5,4.2,4.8,5.6,6.2,5.1,5.3,5.7,6.7,55.8
5.91,40.0,0,0,2.4,2.4,2.3,0.0,0.8,3.5,3.2,1.0,2.4,0.7,1.9,24.0
7.25,68.0,2,1,7.6,7.5,5.1,7.0,5.8,6.8,8.2,7.8,8.0,7.4,6.1,64.5
7.65,64.6,4,1,7.9,4.6,6.2,7.0,7.9,5.9,5.3,7.0,6.1,7.4,7.2,68.2
8.79,86.2,5,4,4.7,7.8,7.3,6.8,7.4,5.2,7.9,5.5,6.5,6.7,5.2,76.3
5.76,43.2,1,1,3.3,1.2,2.5,1.4,3.5,3.0,1.5,3.2,3.6,2.5,3.1,31.8
6.69,66.9,2,2,4.7,6.1,3.8,4.4,5.1,4.6,6.7,5.5,6.1,5.1,6.0,56.5
5.28,22.2,1,0,0.7,2.7,0.0,1.8,1.3,0.2,1.6,3.0,1.9,3.2,0.3,23.7
9.73,93.0,4,3,8.2,9.7,10.0,9.5,10.0,8.3,9.7,10.0,8.4,8.6,10.0,89.1
7.03,73.0,3,1,6.0,5.9,7.6,5.7,8.0,7.7,7.3,5.7,5.7,6.8,6.7,65.3
4.33,46.9,2,1,2.3,0.1,1.2,1.3,1.5,2.9,0.0,1.3,0.1,1.2,1.5,26.3
4.19,25.8,0,1,3.1,1.3,2.9,2.3,3.2,3.1,2.9,1.2,2.0,2.8,0.9,24.9
8.46,79.1,5,2,9.5,6.1,7.1,7.1,7.5,5.9,6.4,8.6,8.1,7.1,6.7,77.3
6.1,49.1,1,0,3.9,1.6,3.5,4.0,3.4,5.1,2.9,3.9,3.7,4.3,2.1,39.8
8.0,75.4,3,4,8.1,6.2,8.6,5.8,9.4,6.4,7.3,6.0,8.4,6.6,8.5,75.0
7.25,56.7,2,1,6.3,6.3,6.9,7.4,7.7,6.3,8.5,6.0,6.5,7.4,7.8,66.0
7.9,82.0,6,3,7.5,5.6,7.9,6.1,5.6,7.9,7.6,5.3,6.8,6.4,5.7,75.9
5.96,45.6,1,1,4.8,1.9,3.7,2.9,3.7,2.8,2.2,1.4,3.1,2.7,2.3,36.2
6.73,57.5,4,1,5.0,5.6,5.7,3.5,4.2,3.3,3.5,5.2,3.2,3.2,3.0,48.9
7.02,52.4,2,1,6.0,7.1,4.1,4.4,5.9,5.3,7.0,4.3,6.0,6.5,6.8,55.8
8.38,85.1,6,2,7.2,5.6,6.7,9.4,6.3,8.5,5.7,8.8,7.5,6.7,8.8,83.0
6.8,59.6,2,1,4.5,5.1,7.2,4.4,4.8,7.1,7.6,6.4,6.9,4.7,6.6,57.2
7.17,59.5,3,2,5.2,5.1,7.3,5.6,7.4,5.6,7.1,5.0,6.4,7.3,7.5,64.1
8.74,76.9,4,2,5.8,7.9,7.2,7.0,7.4,5.7,6.8,6.2,5.8,5.3,5.8,70.5
6.55,70.9,4,2,8.7,8.2,7.9,5.2,7.3,6.8,6.7,7.1,7.9,8.0,5.9,67.8
4.04,24.0,2,1,2.1,2.1,2.8,0.8,0.5,2.2,2.0,3.2,1.0,0.8,0.4,22.6
4.47,23.0,2,1,3.1,3.4,3.6,0.7,3.4,4.6,0.8,0.7,3.6,2.1,3.9,28.3
6.15,22.1,1,1,1.7,1.2,1.8,3.3,1.2,1.0,0.0,3.0,1.0,0.4,1.3,27.1
5.45,35.1,0,0,2.9,4.9,3.0,2.7,3.2,4.5,2.2,3.5,4.5,2.7,4.0,33.6
6.89,65.5,2,2,5.1,5.5,8.0,7.2,5.9,7.3,6.3,7.8,6.4,8.2,5.6,64.0
5.81,35.0,2,0,2.6,1.5,3.0,5.2,1.3,4.2,2.2,3.6,2.8,2.5,3.7,37.0
4.43,32.2,1,0,3.4,0.6,0.3,3.9,1.1,1.1,2.7,2.2,2.8,2.6,0.9,27.7
9.8,90.8,5,6,10.0,8.6,9.1,10.0,10.0,9.0,8.1,10.0,9.1,8.4,9.8,94.8
7.27,55.8,3,1,6.1,5.9,3.5,6.0,5.4,4.2,6.1,5.1,5.4,6.4,5.9,57.2
7.71,64.8,3,2,7.7,7.1,5.5,5.9,5.2,5.3,8.0,4.9,5.6,6.6,5.2,62.4
6.16,45.4,0,1,0.3,2.6,3.0,2.6,2.6,1.6,2.6,1.7,1.5,0.9,1.9,29.7
5.51,32.8,0,1,0.4,2.8,2.6,1.1,0.0,0.6,0.5,1.6,2.0,2.7,1.8,25.1
7.52,62.4,3,2,3.3,4.9,6.0,3.5,5.4,3.2,5.1,6.1,3.4,4.7,5.9,53.6
7.19,59.2,3,2,5.0,6.3,7.1,7.8,6.8,7.3,8.2,6.0,6.0,6.3,7.4,65.7
8.65,84.0,3,3,7.3,8.8,6.5,8.2,7.9,6.8,7.6,5.5,6.2,6.5,6.3,76.3
5.72,21.4,0,0,0.0,1.6,2.1,2.2,1.5,0.0,0.0,1.8,1.1,0.7,2.1,20.5
4.51,24.7,0,0,1.8,3.7,4.3,2.9,3.8,3.6,2.1,3.3,4.0,2.1,2.6,28.0
8.03,87.7,6,4,5.7,6.4,6.3,5.7,5.4,6.1,8.7,8.4,8.5,6.0,6.2,76.9
6.52,73.6,4,1,5.4,4.9,6.5,5.7,4.3,5.0,5.9,5.6,5.9,6.2,6.5,59.9
8.64,80.2,3,4,8.6,5.3,6.3,7.6,6.1,9.1,8.1,7.6,8.6,7.3,7.4,83.1
8.29,81.1,5,2,7.0,6.7,6.7,9.2,8.0,6.8,6.5,9.0,8.6,8.2,6.3,79.8
7.79,58.8,4,1,6.1,4.2,5.0,6.3,4.8,6.0,3.5,7.1,5.5,5.8,4.0,58.3
7.93,89.5,4,2,7.9,6.3,9.4,6.3,6.6,6.4,9.1,7.1,9.1,7.3,6.9,76.1
7.39,57.4,2,1,6.8,6.8,4.6,6.7,6.0,5.6,7.4,5.9,6.6,4.5,5.5,58.7
6.59,60.3,4,2,6.8,6.5,5.6,4.6,3.9,7.8,5.3,6.4,6.9,6.8,5.7,61.0
8.17,81.1,4,2,8.2,7.3,7.7,6.0,6.6,7.0,8.0,8.0,8.1,6.4,7.0,71.7
5.29,40.5,1,1,0.8,2.2,2.2,0.8,0.0,0.9,2.6,1.8,2.7,2.7,0.5,26.6
6.86,55.0,3,2,5.2,4.1,3.2,4.7,5.1,3.1,5.2,5.1,4.0,4.3,3.6,51.2
6.8,66.6,4,2,6.8,4.0,4.3,6.1,3.6,5.1,4.5,6.4,4.5,6.4,4.9,59.5
6.42,44.1,2,0,1.3,2.3,2.8,1.0,4.1,1.1,3.8,3.0,3.6,3.6,1.6,33.4
8.23,82.1,5,3,9.1,7.9,7.2,9.2,7.8,6.0,7.7,8.2,6.3,8.8,5.9,81.8
7.51,69.8,4,2,4.8,5.3,7.4,6.9,7.8,4.6,5.5,5.8,6.8,6.4,6.1,67.6
8.18,89.8,5,2,8.3,6.8,7.8,9.6,10.0,9.1,6.6,7.3,7.8,9.9,8.6,85.8
8.23,85.8,5,3,6.6,7.8,6.5,5.4,7.6,5.5,6.9,8.1,7.5,7.1,6.6,73.7
4.2,43.5,0,0,2.7,2.4,4.5,4.2,2.5,2.7,3.7,5.1,2.2,4.1,3.4,36.0
4.66,21.4,2,0,2.7,3.9,2.7,0.5,0.8,1.6,3.1,0.5,1.4,3.5,1.6,22.4
6.51,68.0,2,2,3.7,6.1,4.7,3.3,5.5,6.0,5.8,3.3,5.3,6.1,4.5,54.0
8.52,84.6,3,2,6.4,5.4,6.2,6.4,6.7,8.1,9.1,6.1,8.3,7.1,7.9,73.0
5.36,48.8,2,0,3.5,3.7,3.2,3.8,2.0,4.0,1.2,2.9,3.2,1.6,3.8,36.7
8.71,83.2,3,2,8.0,5.5,6.7,6.8,9.1,6.6,6.2,6.8,6.6,6.2,6.2,72.2
6.52,55.5,4,1,8.0,7.3,7.8,6.2,5.6,5.0,5.5,5.9,5.0,6.3,7.4,60.7
9.74,90.1,4,3,9.2,8.1,8.7,9.1,9.2,7.4,8.9,9.7,8.9,9.4,7.2,87.9
9.4,92.0,8,3,8.8,9.6,7.3,7.3,7.1,9.8,7.5,9.4,9.2,9.4,8.4,88.5
7.15,54.2,2,1,4.5,4.8,4.9,5.1,5.8,2.6,4.7,3.6,2.8,3.0,3.9,47.6
7.73,55.4,3,1,7.0,3.9,6.1,6.8,5.5,5.9,5.3,5.3,6.1,4.1,5.1,60.2
9.08,94.5,9,4,7.2,7.7,9.0,8.9,9.7,7.0,6.5,9.1,9.3,7.4,9.4,92.5
5.19,41.8,2,1,2.1,2.6,3.1,2.2,4.4,1.9,3.6,3.5,3.1,2.4,3.7,34.5
8.44,85.9,3,3,7.5,6.1,9.6,6.4,8.6,8.8,8.3,7.2,7.2,9.0,9.4,79.2
7.25,56.1,2,2,6.4,3.9,5.0,4.3,6.7,7.5,5.8,6.2,5.1,6.9,7.3,59.0
7.78,58.0,3,1,4.0,4.6,3.5,4.2,3.3,5.8,3.9,4.9,3.4,5.4,4.4,51.3
8.7,83.3,3,4,9.9,8.5,8.2,9.2,6.7,6.9,6.2,8.2,9.2,7.5,7.0,84.2
6.88,61.3,2,2,3.8,3.3,4.5,2.9,5.3,3.0,4.8,5.9,4.8,4.3,4.1,51.5
6.75,67.0,3,1,4.5,4.3,5.0,4.6,5.0,4.5,5.3,5.2,5.2,4.4,4.8,51.7
7.81,76.5,5,4,9.5,9.6,6.0,8.0,7.4,7.5,8.0,6.4,7.8,7.2,6.5,81.1
4.34,38.4,0,0,2.8,1.2,2.1,0.4,2.5,0.5,1.6,1.9,0.9,0.2,1.3,18.0
9.02,93.4,6,6,9.4,7.1,8.2,7.9,9.3,9.1,10.0,8.0,8.9,8.1,9.6,90.1
7.36,66.2,4,2,3.7,4.9,4.3,5.7,4.2,5.9,5.6,3.4,4.7,5.7,6.3,59.6
7.29,59.3,2,1,3.0,5.0,6.1,6.2,4.1,4.0,3.2,3.1,3.6,6.1,5.6,54.6
6.78,58.4,4,2,3.5,3.9,5.9,5.2,5.6,6.0,4.4,4.9,5.1,3.8,5.1,57.9
5.3,27.4,0,0,0.8,1.0,2.2,0.8,2.0,2.1,2.2,2.0,2.5,0.5,1.4,19.5
6.63,63.9,4,2,5.0,7.7,6.0,6.0,6.9,6.2,7.2,7.8,5.7,5.4,7.6,65.2
4.29,21.9,2,1,0.6,0.5,3.2,1.3,4.0,2.4,2.1,3.8,1.0,2.0,2.6,25.3
8.51,78.8,6,3,9.9,7.0,8.1,7.3,8.2,9.2,7.2,8.9,8.2,9.0,8.5,84.1
7.14,70.3,2,1,3.2,4.1,5.2,5.4,5.1,4.9,5.4,4.8,4.2,3.9,4.5,53.6
6.06,42.3,2,0,3.4,2.7,2.5,1.9,4.8,5.1,4.5,2.0,3.3,2.5,3.6,37.1
4.1,40.1,0,0,3.1,1.9,2.9,2.7,4.1,4.5,4.0,5.0,2.5,5.1,4.4,32.6
7.26,72.5,3,2,5.2,4.9,5.7,8.7,7.7,8.5,5.8,5.2,7.1,7.2,6.6,70.5
8.55,86.7,5,3,7.4,7.0,6.1,8.8,9.4,7.2,6.0,8.5,7.5,7.0,7.5,83.0
6.54,72.2,2,2,3.7,5.7,4.9,4.9,6.2,5.1,7.0,6.6,4.5,5.9,6.6,57.2
8.0,79.8,3,4,8.5,8.1,7.5,9.5,6.3,6.3,7.6,8.3,8.5,8.2,7.2,80.4
8.6,86.3,4,4,7.7,8.8,8.5,6.7,7.8,6.8,6.9,9.7,8.1,6.7,7.3,80.0
5.39,25.2,0,0,1.6,3.1,1.9,3.6,4.8,5.2,2.4,4.1,4.0,5.0,2.6,33.8
6.13,30.2,2,1,2.6,2.3,3.0,3.5,3.0,0.5,1.2,0.6,2.4,0.8,2.1,31.2
4.92,40.3,0,0,3.4,2.3,0.7,3.0,3.7,0.5,0.4,2.9,2.6,0.7,1.0,25.0
6.44,34.9,2,0,4.3,1.0,1.3,1.0,2.9,1.2,0.5,0.9,2.0,0.9,3.1,30.8
8.21,89.8,5,4,7.4,9.7,6.2,7.5,6.8,8.2,7.2,9.1,6.6,7.7,6.6,83.1
6.66,58.4,2,2,4.2,5.7,5.1,4.0,2.7,5.5,3.4,6.4,5.6,3.7,4.6,51.1
4.89,41.9,0,0,1.8,2.2,2.5,1.4,2.8,2.6,1.0,2.6,2.5,2.4,1.7,24.6
7.18,57.3,4,1,6.4,8.6,5.6,4.8,5.5,7.9,5.2,7.7,5.9,7.2,6.6,63.9
7.71,63.3,3,2,5.0,6.9,5.8,5.1,4.2,4.9,4.1,5.0,4.4,4.9,5.5,58.6
4.82,36.4,2,0,3.1,0.0,0.1,0.0,2.0,0.4,2.4,1.6,1.3,0.1,1.0,21.1
7.43,66.1,4,1,2.7,4.3,3.6,3.5,3.0,2.9,5.6,5.4,4.3,3.4,3.9,51.6
9.2,93.0,7,3,7.8,9.0,9.8,6.5,8.4,9.8,8.1,8.0,7.9,8.5,8.8,86.4
4.64,25.8,0,0,4.1,3.1,3.6,2.1,4.5,2.8,3.9,3.0,3.5,3.3,2.7,28.7
9.15,94.8,5,3,7.2,7.3,9.8,7.8,10.0,8.4,7.1,8.7,9.3,8.6,9.6,89.2
8.4,88.6,5,2,7.3,7.4,7.7,7.2,6.5,9.5,7.7,9.5,7.0,8.1,8.3,80.8
7.56,50.1,3,2,4.8,5.2,5.6,7.5,5.2,4.8,5.2,7.3,5.3,5.5,6.0,62.4
6.77,53.5,3,1,3.2,5.1,5.8,5.9,6.1,3.8,3.9,5.9,5.0,4.9,5.3,55.9
9.14,90.2,9,3,9.6,9.8,7.4,7.5,9.9,7.4,9.8,10.0,8.0,10.0,10.0,90.4
4.05,36.0,0,0,4.2,3.4,4.6,4.4,5.4,3.5,4.0,3.5,4.4,5.1,4.3,39.3
8.41,83.0,3,2,8.6,6.2,7.0,6.8,5.8,5.5,7.5,4.9,5.6,6.1,7.5,71.7
5.31,27.4,0,1,3.4,2.8,2.0,3.4,1.4,2.7,2.9,3.8,1.4,3.8,3.6,30.8
4.14,36.1,2,1,0.8,2.5,3.2,2.4,3.1,1.4,0.7,1.0,2.1,3.2,2.2,28.4
4.02,45.5,1,1,1.2,1.2,1.0,2.4,3.6,1.1,0.5,3.4,3.3,1.0,2.9,30.7
7.27,73.4,4,1,8.1,7.7,6.8,6.3,6.8,6.7,8.0,6.6,7.5,7.9,6.3,67.7
5.38,34.7,1,0,2.0,1.4,2.7,2.1,1.8,2.0,2.0,0.0,1.5,1.6,0.5,25.1
9.12,90.6,9,4,7.2,10.0,9.3,8.4,10.0,8.7,9.1,9.7,9.5,8.8,7.5,92.2
8.76,82.1,3,4,5.8,8.9,8.0,6.4,7.3,6.7,7.8,6.2,6.2,7.7,7.4,74.9
4.15,27.8,2,1,2.6,2.8,2.0,3.9,1.7,4.1,1.7,3.9,4.4,2.6,3.9,34.1
7.33,73.2,3,1,6.6,8.3,6.4,7.3,6.1,6.7,8.4,5.8,5.1,5.4,7.9,65.1
8.28,89.4,4,4,5.3,7.7,7.2,5.4,7.8,5.7,5.0,6.3,7.7,5.4,5.7,74.9
8.39,85.7,4,4,7.4,5.7,7.8,7.1,7.9,5.0,7.8,5.9,7.8,6.9,5.9,77.5
8.03,79.3,3,4,7.1,5.3,7.1,6.1,8.5,4.8,4.8,6.4,5.8,6.3,7.6,70.7
5.8,35.1,1,1,2.0,4.4,2.1,5.3,2.6,2.7,4.4,3.7,4.6,5.1,3.2,39.9
7.04,63.9,4,2,5.4,5.4,5.0,3.2,3.8,5.6,5.6,2.6,4.6,3.2,5.4,52.0
8.15,84.7,4,3,5.6,5.8,7.8,6.9,8.3,7.1,5.6,5.0,7.5,5.8,6.2,73.0
7.47,65.6,2,1,2.9,5.4,5.2,6.0,2.7,4.8,3.0,6.5,4.4,4.9,3.9,53.9
7.48,62.3,4,2,5.5,4.7,5.9,7.5,7.4,6.6,7.7,6.8,7.4,6.5,5.3,68.8
7.89,87.7,5,4,7.7,7.3,9.0,5.4,5.4,7.3,8.3,6.6,7.5,8.6,5.9,76.7
6.07,20.6,2,0,1.7,3.6,3.3,2.6,1.9,3.1,2.3,1.0,1.3,2.0,1.9,29.7
6.74,74.5,3,2,5.2,5.8,4.4,6.4,4.9,2.9,2.5,3.4,4.4,5.1,4.9,56.3
7.2,66.3,2,1,5.7,3.6,7.0,5.8,6.5,3.8,6.0,4.0,5.2,6.2,6.5,58.1
8.33,82.1,4,4,6.4,9.7,9.1,7.3,7.1,6.5,9.0,7.1,7.7,8.6,7.0,80.5
6.33,44.0,2,0,2.9,0.8,0.9,3.5,1.6,2.8,2.3,1.3,1.1,2.4,2.5,34.1
6.8,63.9,2,2,4.9,6.2,4.6,4.6,3.8,6.7,4.2,2.8,4.3,3.7,4.4,53.9
6.53,71.8,4,2,5.9,4.9,6.6,4.4,5.6,6.6,5.0,4.5,6.3,6.2,5.5,61.3
4.53,34.2,0,0,2.1,4.2,3.4,5.7,3.2,1.9,4.0,5.6,5.1,4.1,2.8,38.4
7.52,62.4,4,2,7.0,5.6,6.6,5.7,4.8,4.2,6.0,7.2,7.6,6.9,7.0,65.5
5.94,25.8,2,1,1.8,2.4,3.9,1.7,3.6,3.1,1.3,4.1,3.6,3.0,2.7,34.5
4.27,27.4,1,0,1.8,3.5,3.9,2.1,1.3,1.7,2.2,2.3,2.6,3.6,1.1,25.8
7.47,66.3,3,2,8.6,7.2,6.8,7.5,8.3,7.6,4.8,7.5,6.9,5.6,5.9,68.6
8.31,89.7,5,3,4.9,5.6,7.4,7.3,6.0,5.3,7.1,6.5,6.3,6.1,6.9,76.3
6.57,66.6,2,1,7.1,7.0,4.2,5.2,4.6,4.2,6.2,4.6,4.8,6.8,4.6,56.8
8.45,88.8,6,2,9.9,6.9,6.7,6.9,6.3,10.0,8.8,7.7,8.8,8.3,9.1,84.4
8.03,81.9,5,2,5.9,8.2,7.9,6.6,6.1,9.5,9.3,6.6,6.3,9.1,7.5,77.9
6.28,30.8,0,0,1.9,3.0,3.6,1.8,2.2,4.0,2.4,2.3,2.0,2.8,1.2,28.7
6.74,63.4,2,1,5.5,5.1,2.9,6.7,3.1,4.7,6.1,2.9,4.2,5.6,4.2,54.1
7.41,51.8,2,2,5.1,8.0,7.2,7.4,7.3,5.7,7.4,7.4,5.6,7.5,5.6,65.1
4.21,24.7,1,1,1.1,3.0,4.7,4.6,2.4,1.7,0.9,2.4,2.8,2.4,3.1,34.6
8.5,78.9,3,4,6.6,5.8,8.2,8.6,6.1,8.3,6.9,6.7,6.8,8.7,8.5,77.4
6.72,73.8,3,1,3.7,5.7,3.8,5.8,6.8,3.6,3.3,4.0,5.2,6.0,6.3,58.4
8.4,77.1,3,3,6.7,5.3,7.2,7.4,7.8,5.3,6.5,6.1,6.3,6.6,6.4,70.3
7.92,86.9,4,3,6.7,8.4,7.9,8.5,7.7,8.5,7.8,6.2,7.5,8.0,6.5,78.6
4.8,33.9,2,0,2.3,3.9,4.8,4.2,3.5,3.3,2.6,1.6,2.7,3.3,2.7,35.6
7.43,71.4,4,1,6.6,7.2,4.2,4.8,5.4,6.8,6.8,6.2,5.6,7.0,7.1,63.5
9.5,90.4,7,4,8.9,7.0,6.3,9.2,7.1,8.8,9.4,9.7,7.4,8.2,7.5,89.9
8.87,91.3,7,3,7.9,10.0,9.8,9.3,10.0,9.5,10.0,8.7,9.0,9.1,8.4,92.3
9.9,97.8,8,6,7.8,9.8,9.8,10.0,8.0,9.3,9.8,7.6,9.0,9.9,7.6,95.5
7.29,64.5,3,2,2.8,3.4,2.9,2.9,3.3,6.1,6.4,5.1,6.0,5.1,3.2,52.8
6.64,69.4,4,2,4.4,5.6,4.4,2.4,4.7,3.0,5.8,2.7,3.2,3.0,5.6,51.3
6.97,69.7,3,2,5.2,4.9,4.3,7.8,7.8,4.1,6.4,5.3,6.7,4.8,4.8,64.1
8.7,82.0,5,4,9.9,9.7,7.9,7.4,6.9,6.4,6.8,7.3,8.3,7.4,9.7,83.1
4.24,40.5,0,0,4.1,2.7,3.9,1.5,4.3,3.2,2.3,1.5,2.8,4.2,4.7,32.1
5.42,23.2,2,0,1.2,2.9,4.2,4.3,2.2,2.5,2.0,1.4,2.4,3.6,1.7,34.1
6.55,58.9,3,1,3.9,2.6,5.1,5.0,5.3,3.6,4.9,4.9,3.0,3.3,4.0,48.8
7.92,84.3,5,3,9.2,9.8,6.3,7.8,7.8,7.3,8.6,8.9,8.0,7.9,8.1,83.3
8.47,78.3,3,2,5.0,7.5,4.8,5.9,7.9,7.0,7.3,6.0,6.0,6.1,7.5,68.5
5.87,44.3,1,1,4.8,2.2,3.6,5.6,3.8,2.1,2.9,4.5,4.1,2.6,4.4,40.7
7.14,60.4,4,1,5.2,6.7,5.8,5.0,6.7,5.5,7.0,6.9,5.8,6.0,5.4,59.8
5.73,44.0,1,1,3.0,2.9,4.2,1.8,3.7,4.5,4.5,1.9,2.8,2.8,3.0,34.0
4.59,47.6,1,0,3.9,4.6,4.4,2.3,5.3,1.8,5.4,3.5,5.0,5.1,2.3,37.4
5.21,46.4,2,1,5.0,4.2,4.4,4.1,2.6,2.4,3.0,2.8,4.7,3.3,2.8,41.7
8.8,84.7,3,4,7.1,8.8,5.5,6.3,5.8,5.8,8.0,6.8,5.6,6.7,6.1,74.9
9.44,98.4,6,3,10.0,8.7,6.8,7.4,7.7,6.8,8.8,9.7,9.7,8.7,8.5,89.0
4.37,45.5,0,0,3.7,5.9,3.5,2.3,4.6,2.0,3.3,2.8,5.2,5.1,5.0,35.8
8.1,81.4,3,2,8.3,7.7,5.9,7.2,7.9,7.9,6.7,6.1,8.4,8.0,7.4,73.8
8.26,76.7,3,2,6.7,6.9,8.4,9.5,8.1,8.2,10.0,8.8,7.7,8.5,7.2,81.2
8.65,79.5,5,3,8.6,7.2,7.3,5.2,6.1,5.2,7.0,5.0,6.6,6.5,7.0,73.0
7.73,56.8,2,1,5.2,4.1,6.0,7.4,7.7,5.6,5.9,4.8,4.8,6.7,6.3,61.6
9.89,98.2,7,6,9.4,10.0,9.7,9.8,10.0,9.7,10.0,8.0,10.0,9.5,10.0,98.4
6.91,57.7,2,1,4.4,2.9,6.8,4.1,5.6,6.4,3.7,3.4,6.3,5.6,4.0,51.8
5.74,29.1,1,1,1.4,2.6,0.0,2.3,2.6,1.1,3.3,2.4,0.2,2.2,0.4,27.0
7.47,54.2,2,2,6.0,6.1,6.6,5.5,5.3,7.9,6.8,6.9,6.1,6.3,6.7,61.5
7.28,67.3,4,1,6.3,4.8,4.6,4.4,4.7,5.3,4.7,5.4,4.7,3.9,5.8,56.6
9.42,97.4,8,4,10.0,10.0,8.3,9.0,10.0,8.3,9.1,8.3,10.0,9.0,9.5,94.2
